ID,trial,timepoint,condition,AOI
1,1,1,C1,0
1,1,2,C1,1
1,1,3,C1,0
1,1,4,C1,0
1,1,5,C1,0
1,1,6,C1,1
1,1,7,C1,0
1,1,8,C1,1
1,1,9,C1,0
1,1,10,C1,0
1,2,1,C1,0
1,2,2,C1,1
1,2,3,C1,0
1,2,4,C1,1
1,2,5,C1,0
1,2,6,C1,0
1,2,7,C1,0
1,2,8,C1,1
1,2,9,C1,0
1,2,10,C1,1
1,3,1,C1,0
1,3,2,C1,0
1,3,3,C1,1
1,3,4,C1,1
1,3,5,C1,1
1,3,6,C1,0
1,3,7,C1,0
1,3,8,C1,1
1,3,9,C1,0
1,3,10,C1,0
1,4,1,C1,1
1,4,2,C1,0
1,4,3,C1,1
1,4,4,C1,1
1,4,5,C1,0
1,4,6,C1,1
1,4,7,C1,1
1,4,8,C1,1
1,4,9,C1,1
1,4,10,C1,0
1,5,1,C1,0
1,5,2,C1,1
1,5,3,C1,1
1,5,4,C1,1
1,5,5,C1,0
1,5,6,C1,1
1,5,7,C1,1
1,5,8,C1,0
1,5,9,C1,0
1,5,10,C1,0
1,6,1,C1,1
1,6,2,C1,0
1,6,3,C1,1
1,6,4,C1,0
1,6,5,C1,1
1,6,6,C1,1
1,6,7,C1,0
1,6,8,C1,0
1,6,9,C1,1
1,6,10,C1,0
1,7,1,C1,0
1,7,2,C1,1
1,7,3,C1,0
1,7,4,C1,0
1,7,5,C1,0
1,7,6,C1,0
1,7,7,C1,0
1,7,8,C1,1
1,7,9,C1,0
1,7,10,C1,1
1,8,1,C1,1
1,8,2,C1,1
1,8,3,C1,0
1,8,4,C1,0
1,8,5,C1,1
1,8,6,C1,0
1,8,7,C1,1
1,8,8,C1,0
1,8,9,C1,1
1,8,10,C1,0
1,9,1,C1,0
1,9,2,C1,0
1,9,3,C1,0
1,9,4,C1,1
1,9,5,C1,1
1,9,6,C1,0
1,9,7,C1,1
1,9,8,C1,1
1,9,9,C1,1
1,9,10,C1,1
1,10,1,C1,1
1,10,2,C1,0
1,10,3,C1,1
1,10,4,C1,1
1,10,5,C1,0
1,10,6,C1,1
1,10,7,C1,1
1,10,8,C1,1
1,10,9,C1,1
1,10,10,C1,1
1,11,1,C1,1
1,11,2,C1,0
1,11,3,C1,0
1,11,4,C1,0
1,11,5,C1,1
1,11,6,C1,0
1,11,7,C1,1
1,11,8,C1,0
1,11,9,C1,1
1,11,10,C1,0
1,12,1,C1,1
1,12,2,C1,0
1,12,3,C1,1
1,12,4,C1,1
1,12,5,C1,0
1,12,6,C1,0
1,12,7,C1,1
1,12,8,C1,1
1,12,9,C1,1
1,12,10,C1,1
1,13,1,C1,0
1,13,2,C1,0
1,13,3,C1,0
1,13,4,C1,1
1,13,5,C1,1
1,13,6,C1,0
1,13,7,C1,0
1,13,8,C1,1
1,13,9,C1,1
1,13,10,C1,1
1,14,1,C1,0
1,14,2,C1,0
1,14,3,C1,1
1,14,4,C1,1
1,14,5,C1,1
1,14,6,C1,1
1,14,7,C1,1
1,14,8,C1,0
1,14,9,C1,0
1,14,10,C1,1
1,15,1,C1,1
1,15,2,C1,1
1,15,3,C1,0
1,15,4,C1,1
1,15,5,C1,1
1,15,6,C1,1
1,15,7,C1,1
1,15,8,C1,0
1,15,9,C1,1
1,15,10,C1,0
1,16,1,C1,0
1,16,2,C1,0
1,16,3,C1,0
1,16,4,C1,1
1,16,5,C1,0
1,16,6,C1,1
1,16,7,C1,0
1,16,8,C1,0
1,16,9,C1,0
1,16,10,C1,0
1,17,1,C1,1
1,17,2,C1,1
1,17,3,C1,1
1,17,4,C1,1
1,17,5,C1,1
1,17,6,C1,1
1,17,7,C1,1
1,17,8,C1,1
1,17,9,C1,1
1,17,10,C1,1
1,18,1,C1,1
1,18,2,C1,0
1,18,3,C1,0
1,18,4,C1,1
1,18,5,C1,0
1,18,6,C1,0
1,18,7,C1,1
1,18,8,C1,1
1,18,9,C1,0
1,18,10,C1,0
1,19,1,C1,1
1,19,2,C1,0
1,19,3,C1,0
1,19,4,C1,1
1,19,5,C1,1
1,19,6,C1,0
1,19,7,C1,0
1,19,8,C1,1
1,19,9,C1,1
1,19,10,C1,1
1,20,1,C1,1
1,20,2,C1,0
1,20,3,C1,1
1,20,4,C1,1
1,20,5,C1,1
1,20,6,C1,1
1,20,7,C1,0
1,20,8,C1,1
1,20,9,C1,0
1,20,10,C1,0
1,21,1,C2,0
1,21,2,C2,0
1,21,3,C2,1
1,21,4,C2,1
1,21,5,C2,0
1,21,6,C2,0
1,21,7,C2,0
1,21,8,C2,0
1,21,9,C2,1
1,21,10,C2,1
1,22,1,C2,0
1,22,2,C2,1
1,22,3,C2,0
1,22,4,C2,1
1,22,5,C2,1
1,22,6,C2,0
1,22,7,C2,0
1,22,8,C2,1
1,22,9,C2,0
1,22,10,C2,0
1,23,1,C2,0
1,23,2,C2,1
1,23,3,C2,0
1,23,4,C2,0
1,23,5,C2,1
1,23,6,C2,1
1,23,7,C2,0
1,23,8,C2,0
1,23,9,C2,1
1,23,10,C2,0
1,24,1,C2,1
1,24,2,C2,1
1,24,3,C2,0
1,24,4,C2,0
1,24,5,C2,0
1,24,6,C2,0
1,24,7,C2,0
1,24,8,C2,0
1,24,9,C2,1
1,24,10,C2,1
1,25,1,C2,0
1,25,2,C2,1
1,25,3,C2,0
1,25,4,C2,0
1,25,5,C2,1
1,25,6,C2,0
1,25,7,C2,1
1,25,8,C2,0
1,25,9,C2,0
1,25,10,C2,1
1,26,1,C2,1
1,26,2,C2,1
1,26,3,C2,1
1,26,4,C2,1
1,26,5,C2,0
1,26,6,C2,1
1,26,7,C2,1
1,26,8,C2,1
1,26,9,C2,1
1,26,10,C2,1
1,27,1,C2,1
1,27,2,C2,0
1,27,3,C2,0
1,27,4,C2,1
1,27,5,C2,1
1,27,6,C2,1
1,27,7,C2,0
1,27,8,C2,0
1,27,9,C2,0
1,27,10,C2,1
1,28,1,C2,0
1,28,2,C2,1
1,28,3,C2,0
1,28,4,C2,1
1,28,5,C2,1
1,28,6,C2,0
1,28,7,C2,0
1,28,8,C2,1
1,28,9,C2,1
1,28,10,C2,1
1,29,1,C2,1
1,29,2,C2,0
1,29,3,C2,1
1,29,4,C2,0
1,29,5,C2,0
1,29,6,C2,1
1,29,7,C2,1
1,29,8,C2,0
1,29,9,C2,1
1,29,10,C2,0
1,30,1,C2,1
1,30,2,C2,0
1,30,3,C2,0
1,30,4,C2,1
1,30,5,C2,1
1,30,6,C2,0
1,30,7,C2,1
1,30,8,C2,0
1,30,9,C2,1
1,30,10,C2,0
1,31,1,C2,1
1,31,2,C2,0
1,31,3,C2,0
1,31,4,C2,1
1,31,5,C2,1
1,31,6,C2,1
1,31,7,C2,1
1,31,8,C2,1
1,31,9,C2,0
1,31,10,C2,1
1,32,1,C2,1
1,32,2,C2,1
1,32,3,C2,0
1,32,4,C2,0
1,32,5,C2,1
1,32,6,C2,1
1,32,7,C2,1
1,32,8,C2,1
1,32,9,C2,0
1,32,10,C2,1
1,33,1,C2,0
1,33,2,C2,0
1,33,3,C2,1
1,33,4,C2,1
1,33,5,C2,0
1,33,6,C2,1
1,33,7,C2,0
1,33,8,C2,0
1,33,9,C2,1
1,33,10,C2,1
1,34,1,C2,0
1,34,2,C2,1
1,34,3,C2,0
1,34,4,C2,1
1,34,5,C2,1
1,34,6,C2,0
1,34,7,C2,1
1,34,8,C2,1
1,34,9,C2,0
1,34,10,C2,0
1,35,1,C2,0
1,35,2,C2,1
1,35,3,C2,1
1,35,4,C2,0
1,35,5,C2,0
1,35,6,C2,0
1,35,7,C2,0
1,35,8,C2,1
1,35,9,C2,1
1,35,10,C2,0
1,36,1,C2,0
1,36,2,C2,1
1,36,3,C2,0
1,36,4,C2,0
1,36,5,C2,0
1,36,6,C2,0
1,36,7,C2,0
1,36,8,C2,1
1,36,9,C2,1
1,36,10,C2,1
1,37,1,C2,1
1,37,2,C2,1
1,37,3,C2,0
1,37,4,C2,1
1,37,5,C2,0
1,37,6,C2,1
1,37,7,C2,0
1,37,8,C2,1
1,37,9,C2,0
1,37,10,C2,0
1,38,1,C2,1
1,38,2,C2,1
1,38,3,C2,1
1,38,4,C2,1
1,38,5,C2,1
1,38,6,C2,1
1,38,7,C2,0
1,38,8,C2,1
1,38,9,C2,0
1,38,10,C2,0
1,39,1,C2,1
1,39,2,C2,1
1,39,3,C2,1
1,39,4,C2,0
1,39,5,C2,0
1,39,6,C2,0
1,39,7,C2,1
1,39,8,C2,0
1,39,9,C2,0
1,39,10,C2,1
1,40,1,C2,0
1,40,2,C2,0
1,40,3,C2,1
1,40,4,C2,0
1,40,5,C2,0
1,40,6,C2,1
1,40,7,C2,0
1,40,8,C2,1
1,40,9,C2,1
1,40,10,C2,0
2,1,1,C1,0
2,1,2,C1,0
2,1,3,C1,0
2,1,4,C1,0
2,1,5,C1,0
2,1,6,C1,1
2,1,7,C1,1
2,1,8,C1,0
2,1,9,C1,0
2,1,10,C1,1
2,2,1,C1,1
2,2,2,C1,0
2,2,3,C1,1
2,2,4,C1,0
2,2,5,C1,0
2,2,6,C1,0
2,2,7,C1,1
2,2,8,C1,0
2,2,9,C1,0
2,2,10,C1,1
2,3,1,C1,0
2,3,2,C1,0
2,3,3,C1,1
2,3,4,C1,1
2,3,5,C1,1
2,3,6,C1,1
2,3,7,C1,1
2,3,8,C1,0
2,3,9,C1,1
2,3,10,C1,1
2,4,1,C1,0
2,4,2,C1,0
2,4,3,C1,0
2,4,4,C1,0
2,4,5,C1,0
2,4,6,C1,1
2,4,7,C1,0
2,4,8,C1,0
2,4,9,C1,0
2,4,10,C1,1
2,5,1,C1,0
2,5,2,C1,1
2,5,3,C1,0
2,5,4,C1,1
2,5,5,C1,1
2,5,6,C1,0
2,5,7,C1,0
2,5,8,C1,1
2,5,9,C1,0
2,5,10,C1,0
2,6,1,C1,1
2,6,2,C1,1
2,6,3,C1,0
2,6,4,C1,1
2,6,5,C1,0
2,6,6,C1,1
2,6,7,C1,1
2,6,8,C1,1
2,6,9,C1,0
2,6,10,C1,1
2,7,1,C1,1
2,7,2,C1,1
2,7,3,C1,1
2,7,4,C1,1
2,7,5,C1,1
2,7,6,C1,0
2,7,7,C1,1
2,7,8,C1,1
2,7,9,C1,0
2,7,10,C1,0
2,8,1,C1,0
2,8,2,C1,0
2,8,3,C1,1
2,8,4,C1,0
2,8,5,C1,1
2,8,6,C1,1
2,8,7,C1,0
2,8,8,C1,1
2,8,9,C1,0
2,8,10,C1,1
2,9,1,C1,1
2,9,2,C1,1
2,9,3,C1,1
2,9,4,C1,1
2,9,5,C1,1
2,9,6,C1,1
2,9,7,C1,1
2,9,8,C1,1
2,9,9,C1,0
2,9,10,C1,1
2,10,1,C1,1
2,10,2,C1,0
2,10,3,C1,0
2,10,4,C1,1
2,10,5,C1,1
2,10,6,C1,0
2,10,7,C1,0
2,10,8,C1,1
2,10,9,C1,1
2,10,10,C1,1
2,11,1,C1,1
2,11,2,C1,0
2,11,3,C1,0
2,11,4,C1,1
2,11,5,C1,1
2,11,6,C1,0
2,11,7,C1,0
2,11,8,C1,1
2,11,9,C1,1
2,11,10,C1,1
2,12,1,C1,0
2,12,2,C1,1
2,12,3,C1,0
2,12,4,C1,1
2,12,5,C1,1
2,12,6,C1,1
2,12,7,C1,1
2,12,8,C1,1
2,12,9,C1,0
2,12,10,C1,1
2,13,1,C1,0
2,13,2,C1,1
2,13,3,C1,1
2,13,4,C1,1
2,13,5,C1,1
2,13,6,C1,1
2,13,7,C1,1
2,13,8,C1,1
2,13,9,C1,0
2,13,10,C1,1
2,14,1,C1,0
2,14,2,C1,1
2,14,3,C1,0
2,14,4,C1,1
2,14,5,C1,0
2,14,6,C1,1
2,14,7,C1,1
2,14,8,C1,1
2,14,9,C1,1
2,14,10,C1,0
2,15,1,C1,0
2,15,2,C1,0
2,15,3,C1,0
2,15,4,C1,1
2,15,5,C1,0
2,15,6,C1,0
2,15,7,C1,0
2,15,8,C1,0
2,15,9,C1,1
2,15,10,C1,0
2,16,1,C1,1
2,16,2,C1,1
2,16,3,C1,0
2,16,4,C1,0
2,16,5,C1,1
2,16,6,C1,0
2,16,7,C1,0
2,16,8,C1,1
2,16,9,C1,0
2,16,10,C1,1
2,17,1,C1,1
2,17,2,C1,0
2,17,3,C1,1
2,17,4,C1,1
2,17,5,C1,0
2,17,6,C1,0
2,17,7,C1,0
2,17,8,C1,1
2,17,9,C1,1
2,17,10,C1,0
2,18,1,C1,1
2,18,2,C1,0
2,18,3,C1,0
2,18,4,C1,1
2,18,5,C1,0
2,18,6,C1,1
2,18,7,C1,1
2,18,8,C1,1
2,18,9,C1,1
2,18,10,C1,1
2,19,1,C1,0
2,19,2,C1,0
2,19,3,C1,1
2,19,4,C1,1
2,19,5,C1,1
2,19,6,C1,0
2,19,7,C1,1
2,19,8,C1,1
2,19,9,C1,0
2,19,10,C1,1
2,20,1,C1,0
2,20,2,C1,0
2,20,3,C1,1
2,20,4,C1,0
2,20,5,C1,1
2,20,6,C1,0
2,20,7,C1,0
2,20,8,C1,1
2,20,9,C1,0
2,20,10,C1,0
2,21,1,C2,0
2,21,2,C2,1
2,21,3,C2,0
2,21,4,C2,0
2,21,5,C2,1
2,21,6,C2,1
2,21,7,C2,0
2,21,8,C2,1
2,21,9,C2,0
2,21,10,C2,0
2,22,1,C2,0
2,22,2,C2,1
2,22,3,C2,1
2,22,4,C2,1
2,22,5,C2,1
2,22,6,C2,1
2,22,7,C2,0
2,22,8,C2,0
2,22,9,C2,0
2,22,10,C2,0
2,23,1,C2,1
2,23,2,C2,0
2,23,3,C2,0
2,23,4,C2,1
2,23,5,C2,1
2,23,6,C2,1
2,23,7,C2,1
2,23,8,C2,0
2,23,9,C2,0
2,23,10,C2,0
2,24,1,C2,1
2,24,2,C2,0
2,24,3,C2,1
2,24,4,C2,1
2,24,5,C2,1
2,24,6,C2,1
2,24,7,C2,1
2,24,8,C2,0
2,24,9,C2,0
2,24,10,C2,0
2,25,1,C2,0
2,25,2,C2,0
2,25,3,C2,1
2,25,4,C2,1
2,25,5,C2,0
2,25,6,C2,0
2,25,7,C2,0
2,25,8,C2,0
2,25,9,C2,0
2,25,10,C2,1
2,26,1,C2,0
2,26,2,C2,1
2,26,3,C2,1
2,26,4,C2,1
2,26,5,C2,1
2,26,6,C2,0
2,26,7,C2,1
2,26,8,C2,0
2,26,9,C2,0
2,26,10,C2,0
2,27,1,C2,0
2,27,2,C2,0
2,27,3,C2,1
2,27,4,C2,0
2,27,5,C2,1
2,27,6,C2,1
2,27,7,C2,1
2,27,8,C2,1
2,27,9,C2,0
2,27,10,C2,0
2,28,1,C2,1
2,28,2,C2,1
2,28,3,C2,1
2,28,4,C2,1
2,28,5,C2,0
2,28,6,C2,1
2,28,7,C2,1
2,28,8,C2,1
2,28,9,C2,1
2,28,10,C2,1
2,29,1,C2,0
2,29,2,C2,0
2,29,3,C2,0
2,29,4,C2,0
2,29,5,C2,0
2,29,6,C2,0
2,29,7,C2,1
2,29,8,C2,1
2,29,9,C2,0
2,29,10,C2,0
2,30,1,C2,0
2,30,2,C2,0
2,30,3,C2,1
2,30,4,C2,1
2,30,5,C2,1
2,30,6,C2,0
2,30,7,C2,1
2,30,8,C2,1
2,30,9,C2,0
2,30,10,C2,1
2,31,1,C2,0
2,31,2,C2,0
2,31,3,C2,1
2,31,4,C2,0
2,31,5,C2,0
2,31,6,C2,0
2,31,7,C2,0
2,31,8,C2,0
2,31,9,C2,0
2,31,10,C2,1
2,32,1,C2,1
2,32,2,C2,1
2,32,3,C2,0
2,32,4,C2,1
2,32,5,C2,0
2,32,6,C2,1
2,32,7,C2,1
2,32,8,C2,0
2,32,9,C2,0
2,32,10,C2,1
2,33,1,C2,1
2,33,2,C2,0
2,33,3,C2,1
2,33,4,C2,0
2,33,5,C2,0
2,33,6,C2,0
2,33,7,C2,1
2,33,8,C2,1
2,33,9,C2,1
2,33,10,C2,0
2,34,1,C2,1
2,34,2,C2,0
2,34,3,C2,0
2,34,4,C2,0
2,34,5,C2,0
2,34,6,C2,0
2,34,7,C2,1
2,34,8,C2,0
2,34,9,C2,0
2,34,10,C2,1
2,35,1,C2,0
2,35,2,C2,1
2,35,3,C2,1
2,35,4,C2,0
2,35,5,C2,1
2,35,6,C2,0
2,35,7,C2,1
2,35,8,C2,0
2,35,9,C2,0
2,35,10,C2,0
2,36,1,C2,0
2,36,2,C2,1
2,36,3,C2,1
2,36,4,C2,0
2,36,5,C2,1
2,36,6,C2,1
2,36,7,C2,1
2,36,8,C2,1
2,36,9,C2,0
2,36,10,C2,0
2,37,1,C2,1
2,37,2,C2,1
2,37,3,C2,1
2,37,4,C2,1
2,37,5,C2,0
2,37,6,C2,0
2,37,7,C2,0
2,37,8,C2,0
2,37,9,C2,1
2,37,10,C2,0
2,38,1,C2,1
2,38,2,C2,1
2,38,3,C2,0
2,38,4,C2,1
2,38,5,C2,0
2,38,6,C2,0
2,38,7,C2,1
2,38,8,C2,1
2,38,9,C2,0
2,38,10,C2,1
2,39,1,C2,0
2,39,2,C2,0
2,39,3,C2,0
2,39,4,C2,1
2,39,5,C2,1
2,39,6,C2,1
2,39,7,C2,0
2,39,8,C2,0
2,39,9,C2,1
2,39,10,C2,1
2,40,1,C2,1
2,40,2,C2,1
2,40,3,C2,0
2,40,4,C2,1
2,40,5,C2,0
2,40,6,C2,1
2,40,7,C2,0
2,40,8,C2,1
2,40,9,C2,1
2,40,10,C2,1
3,1,1,C1,1
3,1,2,C1,1
3,1,3,C1,1
3,1,4,C1,0
3,1,5,C1,1
3,1,6,C1,1
3,1,7,C1,0
3,1,8,C1,1
3,1,9,C1,0
3,1,10,C1,0
3,2,1,C1,1
3,2,2,C1,1
3,2,3,C1,1
3,2,4,C1,0
3,2,5,C1,1
3,2,6,C1,0
3,2,7,C1,0
3,2,8,C1,1
3,2,9,C1,1
3,2,10,C1,1
3,3,1,C1,1
3,3,2,C1,1
3,3,3,C1,1
3,3,4,C1,1
3,3,5,C1,1
3,3,6,C1,0
3,3,7,C1,1
3,3,8,C1,1
3,3,9,C1,1
3,3,10,C1,1
3,4,1,C1,1
3,4,2,C1,0
3,4,3,C1,1
3,4,4,C1,0
3,4,5,C1,0
3,4,6,C1,1
3,4,7,C1,1
3,4,8,C1,1
3,4,9,C1,0
3,4,10,C1,1
3,5,1,C1,0
3,5,2,C1,0
3,5,3,C1,0
3,5,4,C1,1
3,5,5,C1,1
3,5,6,C1,1
3,5,7,C1,0
3,5,8,C1,1
3,5,9,C1,1
3,5,10,C1,1
3,6,1,C1,0
3,6,2,C1,1
3,6,3,C1,1
3,6,4,C1,1
3,6,5,C1,1
3,6,6,C1,1
3,6,7,C1,1
3,6,8,C1,0
3,6,9,C1,1
3,6,10,C1,1
3,7,1,C1,1
3,7,2,C1,1
3,7,3,C1,0
3,7,4,C1,0
3,7,5,C1,0
3,7,6,C1,1
3,7,7,C1,0
3,7,8,C1,0
3,7,9,C1,1
3,7,10,C1,1
3,8,1,C1,1
3,8,2,C1,1
3,8,3,C1,1
3,8,4,C1,0
3,8,5,C1,1
3,8,6,C1,0
3,8,7,C1,0
3,8,8,C1,1
3,8,9,C1,1
3,8,10,C1,1
3,9,1,C1,1
3,9,2,C1,0
3,9,3,C1,1
3,9,4,C1,1
3,9,5,C1,0
3,9,6,C1,1
3,9,7,C1,1
3,9,8,C1,0
3,9,9,C1,1
3,9,10,C1,1
3,10,1,C1,1
3,10,2,C1,1
3,10,3,C1,0
3,10,4,C1,1
3,10,5,C1,0
3,10,6,C1,1
3,10,7,C1,1
3,10,8,C1,1
3,10,9,C1,1
3,10,10,C1,0
3,11,1,C1,1
3,11,2,C1,1
3,11,3,C1,1
3,11,4,C1,0
3,11,5,C1,1
3,11,6,C1,1
3,11,7,C1,0
3,11,8,C1,1
3,11,9,C1,0
3,11,10,C1,0
3,12,1,C1,0
3,12,2,C1,0
3,12,3,C1,1
3,12,4,C1,1
3,12,5,C1,0
3,12,6,C1,0
3,12,7,C1,1
3,12,8,C1,0
3,12,9,C1,0
3,12,10,C1,0
3,13,1,C1,0
3,13,2,C1,1
3,13,3,C1,1
3,13,4,C1,1
3,13,5,C1,1
3,13,6,C1,1
3,13,7,C1,1
3,13,8,C1,0
3,13,9,C1,1
3,13,10,C1,0
3,14,1,C1,0
3,14,2,C1,1
3,14,3,C1,0
3,14,4,C1,0
3,14,5,C1,0
3,14,6,C1,0
3,14,7,C1,1
3,14,8,C1,1
3,14,9,C1,1
3,14,10,C1,0
3,15,1,C1,1
3,15,2,C1,1
3,15,3,C1,1
3,15,4,C1,1
3,15,5,C1,0
3,15,6,C1,0
3,15,7,C1,1
3,15,8,C1,0
3,15,9,C1,0
3,15,10,C1,1
3,16,1,C1,0
3,16,2,C1,1
3,16,3,C1,0
3,16,4,C1,1
3,16,5,C1,1
3,16,6,C1,0
3,16,7,C1,1
3,16,8,C1,1
3,16,9,C1,0
3,16,10,C1,1
3,17,1,C1,1
3,17,2,C1,1
3,17,3,C1,0
3,17,4,C1,1
3,17,5,C1,0
3,17,6,C1,1
3,17,7,C1,0
3,17,8,C1,1
3,17,9,C1,1
3,17,10,C1,0
3,18,1,C1,0
3,18,2,C1,1
3,18,3,C1,1
3,18,4,C1,0
3,18,5,C1,1
3,18,6,C1,0
3,18,7,C1,1
3,18,8,C1,1
3,18,9,C1,0
3,18,10,C1,1
3,19,1,C1,0
3,19,2,C1,1
3,19,3,C1,0
3,19,4,C1,1
3,19,5,C1,1
3,19,6,C1,0
3,19,7,C1,1
3,19,8,C1,1
3,19,9,C1,0
3,19,10,C1,0
3,20,1,C1,1
3,20,2,C1,0
3,20,3,C1,0
3,20,4,C1,1
3,20,5,C1,1
3,20,6,C1,1
3,20,7,C1,1
3,20,8,C1,0
3,20,9,C1,1
3,20,10,C1,1
3,21,1,C2,0
3,21,2,C2,0
3,21,3,C2,1
3,21,4,C2,0
3,21,5,C2,0
3,21,6,C2,0
3,21,7,C2,1
3,21,8,C2,1
3,21,9,C2,1
3,21,10,C2,1
3,22,1,C2,0
3,22,2,C2,0
3,22,3,C2,0
3,22,4,C2,1
3,22,5,C2,0
3,22,6,C2,1
3,22,7,C2,0
3,22,8,C2,0
3,22,9,C2,1
3,22,10,C2,1
3,23,1,C2,1
3,23,2,C2,1
3,23,3,C2,1
3,23,4,C2,1
3,23,5,C2,0
3,23,6,C2,0
3,23,7,C2,1
3,23,8,C2,1
3,23,9,C2,0
3,23,10,C2,0
3,24,1,C2,0
3,24,2,C2,0
3,24,3,C2,1
3,24,4,C2,0
3,24,5,C2,1
3,24,6,C2,0
3,24,7,C2,0
3,24,8,C2,0
3,24,9,C2,0
3,24,10,C2,1
3,25,1,C2,0
3,25,2,C2,0
3,25,3,C2,1
3,25,4,C2,1
3,25,5,C2,1
3,25,6,C2,1
3,25,7,C2,1
3,25,8,C2,0
3,25,9,C2,0
3,25,10,C2,1
3,26,1,C2,1
3,26,2,C2,0
3,26,3,C2,0
3,26,4,C2,1
3,26,5,C2,1
3,26,6,C2,1
3,26,7,C2,1
3,26,8,C2,1
3,26,9,C2,1
3,26,10,C2,1
3,27,1,C2,1
3,27,2,C2,0
3,27,3,C2,1
3,27,4,C2,0
3,27,5,C2,0
3,27,6,C2,0
3,27,7,C2,1
3,27,8,C2,1
3,27,9,C2,0
3,27,10,C2,1
3,28,1,C2,1
3,28,2,C2,1
3,28,3,C2,1
3,28,4,C2,0
3,28,5,C2,0
3,28,6,C2,1
3,28,7,C2,0
3,28,8,C2,1
3,28,9,C2,1
3,28,10,C2,0
3,29,1,C2,0
3,29,2,C2,1
3,29,3,C2,0
3,29,4,C2,0
3,29,5,C2,1
3,29,6,C2,0
3,29,7,C2,1
3,29,8,C2,0
3,29,9,C2,0
3,29,10,C2,1
3,30,1,C2,0
3,30,2,C2,1
3,30,3,C2,0
3,30,4,C2,0
3,30,5,C2,1
3,30,6,C2,0
3,30,7,C2,0
3,30,8,C2,0
3,30,9,C2,1
3,30,10,C2,0
3,31,1,C2,1
3,31,2,C2,1
3,31,3,C2,0
3,31,4,C2,1
3,31,5,C2,0
3,31,6,C2,1
3,31,7,C2,1
3,31,8,C2,1
3,31,9,C2,0
3,31,10,C2,0
3,32,1,C2,1
3,32,2,C2,0
3,32,3,C2,0
3,32,4,C2,1
3,32,5,C2,1
3,32,6,C2,0
3,32,7,C2,1
3,32,8,C2,0
3,32,9,C2,1
3,32,10,C2,1
3,33,1,C2,0
3,33,2,C2,0
3,33,3,C2,0
3,33,4,C2,0
3,33,5,C2,0
3,33,6,C2,0
3,33,7,C2,0
3,33,8,C2,1
3,33,9,C2,1
3,33,10,C2,0
3,34,1,C2,1
3,34,2,C2,0
3,34,3,C2,1
3,34,4,C2,0
3,34,5,C2,1
3,34,6,C2,0
3,34,7,C2,0
3,34,8,C2,1
3,34,9,C2,0
3,34,10,C2,0
3,35,1,C2,0
3,35,2,C2,0
3,35,3,C2,1
3,35,4,C2,1
3,35,5,C2,0
3,35,6,C2,0
3,35,7,C2,0
3,35,8,C2,0
3,35,9,C2,1
3,35,10,C2,1
3,36,1,C2,0
3,36,2,C2,1
3,36,3,C2,0
3,36,4,C2,0
3,36,5,C2,1
3,36,6,C2,1
3,36,7,C2,0
3,36,8,C2,1
3,36,9,C2,0
3,36,10,C2,0
3,37,1,C2,1
3,37,2,C2,0
3,37,3,C2,0
3,37,4,C2,0
3,37,5,C2,1
3,37,6,C2,1
3,37,7,C2,0
3,37,8,C2,0
3,37,9,C2,1
3,37,10,C2,1
3,38,1,C2,1
3,38,2,C2,0
3,38,3,C2,1
3,38,4,C2,0
3,38,5,C2,1
3,38,6,C2,0
3,38,7,C2,0
3,38,8,C2,1
3,38,9,C2,1
3,38,10,C2,1
3,39,1,C2,1
3,39,2,C2,1
3,39,3,C2,1
3,39,4,C2,0
3,39,5,C2,0
3,39,6,C2,1
3,39,7,C2,1
3,39,8,C2,1
3,39,9,C2,0
3,39,10,C2,0
3,40,1,C2,1
3,40,2,C2,1
3,40,3,C2,1
3,40,4,C2,1
3,40,5,C2,1
3,40,6,C2,1
3,40,7,C2,1
3,40,8,C2,1
3,40,9,C2,0
3,40,10,C2,0
4,1,1,C1,0
4,1,2,C1,0
4,1,3,C1,1
4,1,4,C1,1
4,1,5,C1,0
4,1,6,C1,1
4,1,7,C1,1
4,1,8,C1,1
4,1,9,C1,1
4,1,10,C1,1
4,2,1,C1,1
4,2,2,C1,1
4,2,3,C1,1
4,2,4,C1,1
4,2,5,C1,0
4,2,6,C1,1
4,2,7,C1,1
4,2,8,C1,0
4,2,9,C1,0
4,2,10,C1,0
4,3,1,C1,0
4,3,2,C1,1
4,3,3,C1,1
4,3,4,C1,0
4,3,5,C1,0
4,3,6,C1,0
4,3,7,C1,1
4,3,8,C1,0
4,3,9,C1,1
4,3,10,C1,1
4,4,1,C1,1
4,4,2,C1,1
4,4,3,C1,1
4,4,4,C1,0
4,4,5,C1,0
4,4,6,C1,1
4,4,7,C1,0
4,4,8,C1,0
4,4,9,C1,0
4,4,10,C1,1
4,5,1,C1,1
4,5,2,C1,1
4,5,3,C1,0
4,5,4,C1,0
4,5,5,C1,1
4,5,6,C1,0
4,5,7,C1,0
4,5,8,C1,1
4,5,9,C1,0
4,5,10,C1,1
4,6,1,C1,1
4,6,2,C1,1
4,6,3,C1,0
4,6,4,C1,1
4,6,5,C1,1
4,6,6,C1,0
4,6,7,C1,0
4,6,8,C1,1
4,6,9,C1,1
4,6,10,C1,1
4,7,1,C1,0
4,7,2,C1,0
4,7,3,C1,1
4,7,4,C1,1
4,7,5,C1,1
4,7,6,C1,0
4,7,7,C1,0
4,7,8,C1,1
4,7,9,C1,0
4,7,10,C1,1
4,8,1,C1,1
4,8,2,C1,1
4,8,3,C1,0
4,8,4,C1,1
4,8,5,C1,0
4,8,6,C1,1
4,8,7,C1,1
4,8,8,C1,1
4,8,9,C1,0
4,8,10,C1,1
4,9,1,C1,0
4,9,2,C1,0
4,9,3,C1,1
4,9,4,C1,1
4,9,5,C1,0
4,9,6,C1,1
4,9,7,C1,1
4,9,8,C1,1
4,9,9,C1,1
4,9,10,C1,1
4,10,1,C1,1
4,10,2,C1,1
4,10,3,C1,1
4,10,4,C1,0
4,10,5,C1,0
4,10,6,C1,1
4,10,7,C1,1
4,10,8,C1,0
4,10,9,C1,0
4,10,10,C1,0
4,11,1,C1,1
4,11,2,C1,1
4,11,3,C1,1
4,11,4,C1,0
4,11,5,C1,1
4,11,6,C1,1
4,11,7,C1,1
4,11,8,C1,1
4,11,9,C1,1
4,11,10,C1,1
4,12,1,C1,0
4,12,2,C1,1
4,12,3,C1,1
4,12,4,C1,0
4,12,5,C1,0
4,12,6,C1,0
4,12,7,C1,0
4,12,8,C1,0
4,12,9,C1,0
4,12,10,C1,1
4,13,1,C1,1
4,13,2,C1,1
4,13,3,C1,1
4,13,4,C1,1
4,13,5,C1,1
4,13,6,C1,1
4,13,7,C1,0
4,13,8,C1,0
4,13,9,C1,0
4,13,10,C1,1
4,14,1,C1,1
4,14,2,C1,0
4,14,3,C1,0
4,14,4,C1,0
4,14,5,C1,0
4,14,6,C1,1
4,14,7,C1,1
4,14,8,C1,1
4,14,9,C1,0
4,14,10,C1,1
4,15,1,C1,0
4,15,2,C1,0
4,15,3,C1,0
4,15,4,C1,0
4,15,5,C1,0
4,15,6,C1,1
4,15,7,C1,0
4,15,8,C1,1
4,15,9,C1,0
4,15,10,C1,0
4,16,1,C1,1
4,16,2,C1,0
4,16,3,C1,1
4,16,4,C1,1
4,16,5,C1,1
4,16,6,C1,1
4,16,7,C1,1
4,16,8,C1,1
4,16,9,C1,0
4,16,10,C1,0
4,17,1,C1,1
4,17,2,C1,1
4,17,3,C1,1
4,17,4,C1,1
4,17,5,C1,1
4,17,6,C1,1
4,17,7,C1,0
4,17,8,C1,1
4,17,9,C1,0
4,17,10,C1,1
4,18,1,C1,0
4,18,2,C1,0
4,18,3,C1,1
4,18,4,C1,1
4,18,5,C1,1
4,18,6,C1,1
4,18,7,C1,1
4,18,8,C1,0
4,18,9,C1,0
4,18,10,C1,1
4,19,1,C1,0
4,19,2,C1,0
4,19,3,C1,1
4,19,4,C1,1
4,19,5,C1,1
4,19,6,C1,1
4,19,7,C1,0
4,19,8,C1,1
4,19,9,C1,1
4,19,10,C1,1
4,20,1,C1,1
4,20,2,C1,1
4,20,3,C1,1
4,20,4,C1,1
4,20,5,C1,1
4,20,6,C1,1
4,20,7,C1,1
4,20,8,C1,1
4,20,9,C1,1
4,20,10,C1,0
4,21,1,C2,1
4,21,2,C2,1
4,21,3,C2,1
4,21,4,C2,1
4,21,5,C2,0
4,21,6,C2,1
4,21,7,C2,0
4,21,8,C2,1
4,21,9,C2,1
4,21,10,C2,0
4,22,1,C2,1
4,22,2,C2,1
4,22,3,C2,0
4,22,4,C2,1
4,22,5,C2,0
4,22,6,C2,0
4,22,7,C2,0
4,22,8,C2,1
4,22,9,C2,0
4,22,10,C2,1
4,23,1,C2,1
4,23,2,C2,1
4,23,3,C2,1
4,23,4,C2,0
4,23,5,C2,0
4,23,6,C2,0
4,23,7,C2,0
4,23,8,C2,0
4,23,9,C2,1
4,23,10,C2,0
4,24,1,C2,0
4,24,2,C2,0
4,24,3,C2,1
4,24,4,C2,0
4,24,5,C2,1
4,24,6,C2,1
4,24,7,C2,0
4,24,8,C2,0
4,24,9,C2,1
4,24,10,C2,1
4,25,1,C2,1
4,25,2,C2,0
4,25,3,C2,1
4,25,4,C2,0
4,25,5,C2,0
4,25,6,C2,1
4,25,7,C2,0
4,25,8,C2,0
4,25,9,C2,1
4,25,10,C2,1
4,26,1,C2,1
4,26,2,C2,0
4,26,3,C2,0
4,26,4,C2,1
4,26,5,C2,1
4,26,6,C2,0
4,26,7,C2,1
4,26,8,C2,1
4,26,9,C2,0
4,26,10,C2,0
4,27,1,C2,0
4,27,2,C2,0
4,27,3,C2,0
4,27,4,C2,1
4,27,5,C2,1
4,27,6,C2,0
4,27,7,C2,1
4,27,8,C2,0
4,27,9,C2,1
4,27,10,C2,1
4,28,1,C2,0
4,28,2,C2,0
4,28,3,C2,1
4,28,4,C2,1
4,28,5,C2,1
4,28,6,C2,0
4,28,7,C2,1
4,28,8,C2,0
4,28,9,C2,1
4,28,10,C2,1
4,29,1,C2,1
4,29,2,C2,1
4,29,3,C2,0
4,29,4,C2,0
4,29,5,C2,0
4,29,6,C2,1
4,29,7,C2,0
4,29,8,C2,1
4,29,9,C2,0
4,29,10,C2,0
4,30,1,C2,1
4,30,2,C2,1
4,30,3,C2,1
4,30,4,C2,1
4,30,5,C2,0
4,30,6,C2,1
4,30,7,C2,0
4,30,8,C2,0
4,30,9,C2,1
4,30,10,C2,1
4,31,1,C2,1
4,31,2,C2,1
4,31,3,C2,0
4,31,4,C2,0
4,31,5,C2,1
4,31,6,C2,1
4,31,7,C2,1
4,31,8,C2,1
4,31,9,C2,1
4,31,10,C2,1
4,32,1,C2,1
4,32,2,C2,1
4,32,3,C2,0
4,32,4,C2,0
4,32,5,C2,1
4,32,6,C2,1
4,32,7,C2,1
4,32,8,C2,0
4,32,9,C2,1
4,32,10,C2,0
4,33,1,C2,1
4,33,2,C2,1
4,33,3,C2,1
4,33,4,C2,0
4,33,5,C2,1
4,33,6,C2,0
4,33,7,C2,0
4,33,8,C2,0
4,33,9,C2,1
4,33,10,C2,0
4,34,1,C2,0
4,34,2,C2,1
4,34,3,C2,0
4,34,4,C2,0
4,34,5,C2,1
4,34,6,C2,1
4,34,7,C2,1
4,34,8,C2,1
4,34,9,C2,1
4,34,10,C2,1
4,35,1,C2,0
4,35,2,C2,0
4,35,3,C2,0
4,35,4,C2,1
4,35,5,C2,1
4,35,6,C2,1
4,35,7,C2,0
4,35,8,C2,0
4,35,9,C2,0
4,35,10,C2,0
4,36,1,C2,0
4,36,2,C2,0
4,36,3,C2,0
4,36,4,C2,1
4,36,5,C2,1
4,36,6,C2,0
4,36,7,C2,1
4,36,8,C2,0
4,36,9,C2,1
4,36,10,C2,1
4,37,1,C2,0
4,37,2,C2,1
4,37,3,C2,1
4,37,4,C2,0
4,37,5,C2,0
4,37,6,C2,0
4,37,7,C2,1
4,37,8,C2,1
4,37,9,C2,1
4,37,10,C2,1
4,38,1,C2,0
4,38,2,C2,1
4,38,3,C2,0
4,38,4,C2,1
4,38,5,C2,1
4,38,6,C2,0
4,38,7,C2,0
4,38,8,C2,1
4,38,9,C2,1
4,38,10,C2,0
4,39,1,C2,1
4,39,2,C2,0
4,39,3,C2,0
4,39,4,C2,1
4,39,5,C2,0
4,39,6,C2,0
4,39,7,C2,0
4,39,8,C2,0
4,39,9,C2,0
4,39,10,C2,1
4,40,1,C2,0
4,40,2,C2,0
4,40,3,C2,0
4,40,4,C2,0
4,40,5,C2,1
4,40,6,C2,1
4,40,7,C2,1
4,40,8,C2,0
4,40,9,C2,1
4,40,10,C2,1
5,1,1,C1,0
5,1,2,C1,1
5,1,3,C1,0
5,1,4,C1,1
5,1,5,C1,1
5,1,6,C1,1
5,1,7,C1,1
5,1,8,C1,1
5,1,9,C1,1
5,1,10,C1,0
5,2,1,C1,1
5,2,2,C1,1
5,2,3,C1,1
5,2,4,C1,1
5,2,5,C1,0
5,2,6,C1,1
5,2,7,C1,0
5,2,8,C1,0
5,2,9,C1,0
5,2,10,C1,1
5,3,1,C1,1
5,3,2,C1,0
5,3,3,C1,0
5,3,4,C1,1
5,3,5,C1,1
5,3,6,C1,1
5,3,7,C1,1
5,3,8,C1,1
5,3,9,C1,0
5,3,10,C1,1
5,4,1,C1,0
5,4,2,C1,1
5,4,3,C1,0
5,4,4,C1,0
5,4,5,C1,0
5,4,6,C1,1
5,4,7,C1,1
5,4,8,C1,1
5,4,9,C1,0
5,4,10,C1,0
5,5,1,C1,0
5,5,2,C1,0
5,5,3,C1,1
5,5,4,C1,1
5,5,5,C1,1
5,5,6,C1,1
5,5,7,C1,1
5,5,8,C1,0
5,5,9,C1,1
5,5,10,C1,1
5,6,1,C1,1
5,6,2,C1,1
5,6,3,C1,0
5,6,4,C1,1
5,6,5,C1,1
5,6,6,C1,1
5,6,7,C1,1
5,6,8,C1,1
5,6,9,C1,0
5,6,10,C1,1
5,7,1,C1,0
5,7,2,C1,0
5,7,3,C1,1
5,7,4,C1,1
5,7,5,C1,1
5,7,6,C1,1
5,7,7,C1,0
5,7,8,C1,0
5,7,9,C1,1
5,7,10,C1,0
5,8,1,C1,0
5,8,2,C1,0
5,8,3,C1,0
5,8,4,C1,1
5,8,5,C1,1
5,8,6,C1,1
5,8,7,C1,1
5,8,8,C1,1
5,8,9,C1,1
5,8,10,C1,1
5,9,1,C1,0
5,9,2,C1,0
5,9,3,C1,1
5,9,4,C1,1
5,9,5,C1,1
5,9,6,C1,1
5,9,7,C1,0
5,9,8,C1,1
5,9,9,C1,1
5,9,10,C1,0
5,10,1,C1,0
5,10,2,C1,0
5,10,3,C1,0
5,10,4,C1,0
5,10,5,C1,1
5,10,6,C1,1
5,10,7,C1,1
5,10,8,C1,0
5,10,9,C1,1
5,10,10,C1,1
5,11,1,C1,0
5,11,2,C1,0
5,11,3,C1,1
5,11,4,C1,1
5,11,5,C1,1
5,11,6,C1,1
5,11,7,C1,1
5,11,8,C1,1
5,11,9,C1,1
5,11,10,C1,0
5,12,1,C1,0
5,12,2,C1,1
5,12,3,C1,0
5,12,4,C1,0
5,12,5,C1,0
5,12,6,C1,0
5,12,7,C1,0
5,12,8,C1,1
5,12,9,C1,1
5,12,10,C1,0
5,13,1,C1,0
5,13,2,C1,0
5,13,3,C1,1
5,13,4,C1,0
5,13,5,C1,1
5,13,6,C1,1
5,13,7,C1,0
5,13,8,C1,1
5,13,9,C1,0
5,13,10,C1,1
5,14,1,C1,0
5,14,2,C1,0
5,14,3,C1,0
5,14,4,C1,1
5,14,5,C1,1
5,14,6,C1,1
5,14,7,C1,1
5,14,8,C1,0
5,14,9,C1,1
5,14,10,C1,1
5,15,1,C1,0
5,15,2,C1,0
5,15,3,C1,0
5,15,4,C1,1
5,15,5,C1,1
5,15,6,C1,1
5,15,7,C1,0
5,15,8,C1,0
5,15,9,C1,0
5,15,10,C1,1
5,16,1,C1,1
5,16,2,C1,0
5,16,3,C1,1
5,16,4,C1,1
5,16,5,C1,0
5,16,6,C1,1
5,16,7,C1,1
5,16,8,C1,0
5,16,9,C1,0
5,16,10,C1,1
5,17,1,C1,1
5,17,2,C1,0
5,17,3,C1,1
5,17,4,C1,1
5,17,5,C1,1
5,17,6,C1,1
5,17,7,C1,1
5,17,8,C1,1
5,17,9,C1,0
5,17,10,C1,0
5,18,1,C1,0
5,18,2,C1,0
5,18,3,C1,0
5,18,4,C1,0
5,18,5,C1,1
5,18,6,C1,0
5,18,7,C1,1
5,18,8,C1,0
5,18,9,C1,1
5,18,10,C1,1
5,19,1,C1,1
5,19,2,C1,1
5,19,3,C1,1
5,19,4,C1,1
5,19,5,C1,1
5,19,6,C1,1
5,19,7,C1,0
5,19,8,C1,0
5,19,9,C1,0
5,19,10,C1,1
5,20,1,C1,1
5,20,2,C1,0
5,20,3,C1,0
5,20,4,C1,1
5,20,5,C1,1
5,20,6,C1,1
5,20,7,C1,0
5,20,8,C1,1
5,20,9,C1,0
5,20,10,C1,0
5,21,1,C2,0
5,21,2,C2,0
5,21,3,C2,1
5,21,4,C2,1
5,21,5,C2,1
5,21,6,C2,0
5,21,7,C2,1
5,21,8,C2,0
5,21,9,C2,1
5,21,10,C2,0
5,22,1,C2,0
5,22,2,C2,1
5,22,3,C2,0
5,22,4,C2,1
5,22,5,C2,0
5,22,6,C2,1
5,22,7,C2,1
5,22,8,C2,1
5,22,9,C2,0
5,22,10,C2,0
5,23,1,C2,0
5,23,2,C2,1
5,23,3,C2,0
5,23,4,C2,0
5,23,5,C2,1
5,23,6,C2,0
5,23,7,C2,1
5,23,8,C2,1
5,23,9,C2,0
5,23,10,C2,0
5,24,1,C2,0
5,24,2,C2,1
5,24,3,C2,1
5,24,4,C2,1
5,24,5,C2,1
5,24,6,C2,1
5,24,7,C2,1
5,24,8,C2,1
5,24,9,C2,1
5,24,10,C2,0
5,25,1,C2,0
5,25,2,C2,0
5,25,3,C2,0
5,25,4,C2,0
5,25,5,C2,0
5,25,6,C2,1
5,25,7,C2,0
5,25,8,C2,0
5,25,9,C2,1
5,25,10,C2,0
5,26,1,C2,0
5,26,2,C2,0
5,26,3,C2,0
5,26,4,C2,1
5,26,5,C2,0
5,26,6,C2,0
5,26,7,C2,1
5,26,8,C2,1
5,26,9,C2,0
5,26,10,C2,0
5,27,1,C2,0
5,27,2,C2,1
5,27,3,C2,0
5,27,4,C2,0
5,27,5,C2,1
5,27,6,C2,1
5,27,7,C2,1
5,27,8,C2,1
5,27,9,C2,1
5,27,10,C2,0
5,28,1,C2,1
5,28,2,C2,1
5,28,3,C2,1
5,28,4,C2,0
5,28,5,C2,1
5,28,6,C2,1
5,28,7,C2,0
5,28,8,C2,1
5,28,9,C2,1
5,28,10,C2,0
5,29,1,C2,1
5,29,2,C2,0
5,29,3,C2,0
5,29,4,C2,0
5,29,5,C2,0
5,29,6,C2,0
5,29,7,C2,0
5,29,8,C2,1
5,29,9,C2,1
5,29,10,C2,1
5,30,1,C2,1
5,30,2,C2,1
5,30,3,C2,0
5,30,4,C2,0
5,30,5,C2,1
5,30,6,C2,1
5,30,7,C2,1
5,30,8,C2,1
5,30,9,C2,1
5,30,10,C2,1
5,31,1,C2,0
5,31,2,C2,0
5,31,3,C2,1
5,31,4,C2,1
5,31,5,C2,0
5,31,6,C2,1
5,31,7,C2,0
5,31,8,C2,0
5,31,9,C2,1
5,31,10,C2,1
5,32,1,C2,1
5,32,2,C2,0
5,32,3,C2,1
5,32,4,C2,1
5,32,5,C2,0
5,32,6,C2,0
5,32,7,C2,1
5,32,8,C2,1
5,32,9,C2,0
5,32,10,C2,1
5,33,1,C2,0
5,33,2,C2,0
5,33,3,C2,0
5,33,4,C2,0
5,33,5,C2,0
5,33,6,C2,1
5,33,7,C2,1
5,33,8,C2,1
5,33,9,C2,0
5,33,10,C2,0
5,34,1,C2,1
5,34,2,C2,0
5,34,3,C2,1
5,34,4,C2,1
5,34,5,C2,1
5,34,6,C2,1
5,34,7,C2,0
5,34,8,C2,1
5,34,9,C2,0
5,34,10,C2,0
5,35,1,C2,1
5,35,2,C2,1
5,35,3,C2,1
5,35,4,C2,0
5,35,5,C2,1
5,35,6,C2,0
5,35,7,C2,0
5,35,8,C2,1
5,35,9,C2,0
5,35,10,C2,0
5,36,1,C2,0
5,36,2,C2,1
5,36,3,C2,0
5,36,4,C2,1
5,36,5,C2,1
5,36,6,C2,1
5,36,7,C2,1
5,36,8,C2,0
5,36,9,C2,1
5,36,10,C2,0
5,37,1,C2,0
5,37,2,C2,1
5,37,3,C2,0
5,37,4,C2,1
5,37,5,C2,1
5,37,6,C2,1
5,37,7,C2,1
5,37,8,C2,1
5,37,9,C2,1
5,37,10,C2,1
5,38,1,C2,0
5,38,2,C2,1
5,38,3,C2,0
5,38,4,C2,1
5,38,5,C2,1
5,38,6,C2,0
5,38,7,C2,1
5,38,8,C2,1
5,38,9,C2,1
5,38,10,C2,0
5,39,1,C2,0
5,39,2,C2,1
5,39,3,C2,1
5,39,4,C2,0
5,39,5,C2,1
5,39,6,C2,0
5,39,7,C2,0
5,39,8,C2,1
5,39,9,C2,0
5,39,10,C2,0
5,40,1,C2,0
5,40,2,C2,0
5,40,3,C2,1
5,40,4,C2,0
5,40,5,C2,0
5,40,6,C2,1
5,40,7,C2,1
5,40,8,C2,0
5,40,9,C2,0
5,40,10,C2,1
6,1,1,C1,0
6,1,2,C1,0
6,1,3,C1,0
6,1,4,C1,1
6,1,5,C1,1
6,1,6,C1,1
6,1,7,C1,1
6,1,8,C1,1
6,1,9,C1,1
6,1,10,C1,1
6,2,1,C1,0
6,2,2,C1,0
6,2,3,C1,0
6,2,4,C1,1
6,2,5,C1,0
6,2,6,C1,1
6,2,7,C1,0
6,2,8,C1,0
6,2,9,C1,0
6,2,10,C1,1
6,3,1,C1,0
6,3,2,C1,1
6,3,3,C1,1
6,3,4,C1,1
6,3,5,C1,1
6,3,6,C1,1
6,3,7,C1,1
6,3,8,C1,1
6,3,9,C1,0
6,3,10,C1,0
6,4,1,C1,1
6,4,2,C1,0
6,4,3,C1,0
6,4,4,C1,0
6,4,5,C1,0
6,4,6,C1,1
6,4,7,C1,0
6,4,8,C1,0
6,4,9,C1,1
6,4,10,C1,1
6,5,1,C1,0
6,5,2,C1,0
6,5,3,C1,0
6,5,4,C1,0
6,5,5,C1,1
6,5,6,C1,1
6,5,7,C1,1
6,5,8,C1,0
6,5,9,C1,0
6,5,10,C1,1
6,6,1,C1,1
6,6,2,C1,1
6,6,3,C1,1
6,6,4,C1,1
6,6,5,C1,0
6,6,6,C1,1
6,6,7,C1,0
6,6,8,C1,0
6,6,9,C1,1
6,6,10,C1,0
6,7,1,C1,0
6,7,2,C1,0
6,7,3,C1,0
6,7,4,C1,0
6,7,5,C1,1
6,7,6,C1,1
6,7,7,C1,1
6,7,8,C1,1
6,7,9,C1,0
6,7,10,C1,1
6,8,1,C1,1
6,8,2,C1,1
6,8,3,C1,0
6,8,4,C1,1
6,8,5,C1,1
6,8,6,C1,1
6,8,7,C1,1
6,8,8,C1,1
6,8,9,C1,0
6,8,10,C1,0
6,9,1,C1,1
6,9,2,C1,0
6,9,3,C1,1
6,9,4,C1,0
6,9,5,C1,1
6,9,6,C1,1
6,9,7,C1,1
6,9,8,C1,1
6,9,9,C1,1
6,9,10,C1,1
6,10,1,C1,1
6,10,2,C1,0
6,10,3,C1,1
6,10,4,C1,0
6,10,5,C1,0
6,10,6,C1,1
6,10,7,C1,1
6,10,8,C1,1
6,10,9,C1,0
6,10,10,C1,1
6,11,1,C1,1
6,11,2,C1,0
6,11,3,C1,1
6,11,4,C1,1
6,11,5,C1,1
6,11,6,C1,0
6,11,7,C1,1
6,11,8,C1,1
6,11,9,C1,0
6,11,10,C1,1
6,12,1,C1,0
6,12,2,C1,0
6,12,3,C1,0
6,12,4,C1,0
6,12,5,C1,1
6,12,6,C1,0
6,12,7,C1,1
6,12,8,C1,0
6,12,9,C1,1
6,12,10,C1,0
6,13,1,C1,0
6,13,2,C1,0
6,13,3,C1,0
6,13,4,C1,0
6,13,5,C1,0
6,13,6,C1,0
6,13,7,C1,1
6,13,8,C1,0
6,13,9,C1,0
6,13,10,C1,0
6,14,1,C1,1
6,14,2,C1,0
6,14,3,C1,1
6,14,4,C1,0
6,14,5,C1,0
6,14,6,C1,1
6,14,7,C1,0
6,14,8,C1,1
6,14,9,C1,0
6,14,10,C1,0
6,15,1,C1,0
6,15,2,C1,0
6,15,3,C1,0
6,15,4,C1,1
6,15,5,C1,1
6,15,6,C1,1
6,15,7,C1,0
6,15,8,C1,1
6,15,9,C1,1
6,15,10,C1,1
6,16,1,C1,0
6,16,2,C1,0
6,16,3,C1,1
6,16,4,C1,1
6,16,5,C1,1
6,16,6,C1,1
6,16,7,C1,1
6,16,8,C1,1
6,16,9,C1,1
6,16,10,C1,0
6,17,1,C1,1
6,17,2,C1,0
6,17,3,C1,1
6,17,4,C1,0
6,17,5,C1,1
6,17,6,C1,0
6,17,7,C1,0
6,17,8,C1,1
6,17,9,C1,0
6,17,10,C1,1
6,18,1,C1,0
6,18,2,C1,0
6,18,3,C1,1
6,18,4,C1,1
6,18,5,C1,1
6,18,6,C1,1
6,18,7,C1,1
6,18,8,C1,1
6,18,9,C1,0
6,18,10,C1,0
6,19,1,C1,0
6,19,2,C1,0
6,19,3,C1,1
6,19,4,C1,1
6,19,5,C1,1
6,19,6,C1,1
6,19,7,C1,1
6,19,8,C1,1
6,19,9,C1,1
6,19,10,C1,0
6,20,1,C1,0
6,20,2,C1,0
6,20,3,C1,0
6,20,4,C1,0
6,20,5,C1,1
6,20,6,C1,1
6,20,7,C1,1
6,20,8,C1,0
6,20,9,C1,1
6,20,10,C1,0
6,21,1,C2,0
6,21,2,C2,0
6,21,3,C2,1
6,21,4,C2,1
6,21,5,C2,1
6,21,6,C2,1
6,21,7,C2,1
6,21,8,C2,0
6,21,9,C2,0
6,21,10,C2,0
6,22,1,C2,0
6,22,2,C2,0
6,22,3,C2,1
6,22,4,C2,0
6,22,5,C2,0
6,22,6,C2,0
6,22,7,C2,1
6,22,8,C2,0
6,22,9,C2,1
6,22,10,C2,1
6,23,1,C2,1
6,23,2,C2,1
6,23,3,C2,0
6,23,4,C2,0
6,23,5,C2,1
6,23,6,C2,0
6,23,7,C2,1
6,23,8,C2,1
6,23,9,C2,1
6,23,10,C2,0
6,24,1,C2,0
6,24,2,C2,0
6,24,3,C2,0
6,24,4,C2,1
6,24,5,C2,0
6,24,6,C2,1
6,24,7,C2,1
6,24,8,C2,0
6,24,9,C2,0
6,24,10,C2,1
6,25,1,C2,0
6,25,2,C2,0
6,25,3,C2,0
6,25,4,C2,0
6,25,5,C2,1
6,25,6,C2,1
6,25,7,C2,1
6,25,8,C2,0
6,25,9,C2,1
6,25,10,C2,1
6,26,1,C2,0
6,26,2,C2,1
6,26,3,C2,0
6,26,4,C2,1
6,26,5,C2,0
6,26,6,C2,1
6,26,7,C2,1
6,26,8,C2,0
6,26,9,C2,0
6,26,10,C2,1
6,27,1,C2,1
6,27,2,C2,1
6,27,3,C2,1
6,27,4,C2,0
6,27,5,C2,0
6,27,6,C2,1
6,27,7,C2,0
6,27,8,C2,1
6,27,9,C2,1
6,27,10,C2,0
6,28,1,C2,1
6,28,2,C2,0
6,28,3,C2,1
6,28,4,C2,0
6,28,5,C2,1
6,28,6,C2,0
6,28,7,C2,1
6,28,8,C2,1
6,28,9,C2,1
6,28,10,C2,0
6,29,1,C2,1
6,29,2,C2,0
6,29,3,C2,1
6,29,4,C2,0
6,29,5,C2,0
6,29,6,C2,1
6,29,7,C2,1
6,29,8,C2,1
6,29,9,C2,0
6,29,10,C2,0
6,30,1,C2,0
6,30,2,C2,0
6,30,3,C2,1
6,30,4,C2,1
6,30,5,C2,1
6,30,6,C2,1
6,30,7,C2,1
6,30,8,C2,1
6,30,9,C2,0
6,30,10,C2,0
6,31,1,C2,0
6,31,2,C2,1
6,31,3,C2,0
6,31,4,C2,1
6,31,5,C2,1
6,31,6,C2,1
6,31,7,C2,0
6,31,8,C2,0
6,31,9,C2,1
6,31,10,C2,1
6,32,1,C2,0
6,32,2,C2,0
6,32,3,C2,0
6,32,4,C2,1
6,32,5,C2,1
6,32,6,C2,1
6,32,7,C2,1
6,32,8,C2,1
6,32,9,C2,1
6,32,10,C2,0
6,33,1,C2,0
6,33,2,C2,1
6,33,3,C2,1
6,33,4,C2,0
6,33,5,C2,1
6,33,6,C2,0
6,33,7,C2,0
6,33,8,C2,1
6,33,9,C2,1
6,33,10,C2,0
6,34,1,C2,0
6,34,2,C2,1
6,34,3,C2,1
6,34,4,C2,1
6,34,5,C2,1
6,34,6,C2,1
6,34,7,C2,0
6,34,8,C2,1
6,34,9,C2,1
6,34,10,C2,0
6,35,1,C2,1
6,35,2,C2,0
6,35,3,C2,0
6,35,4,C2,1
6,35,5,C2,1
6,35,6,C2,1
6,35,7,C2,0
6,35,8,C2,0
6,35,9,C2,1
6,35,10,C2,1
6,36,1,C2,1
6,36,2,C2,1
6,36,3,C2,1
6,36,4,C2,1
6,36,5,C2,0
6,36,6,C2,1
6,36,7,C2,0
6,36,8,C2,1
6,36,9,C2,1
6,36,10,C2,0
6,37,1,C2,1
6,37,2,C2,1
6,37,3,C2,0
6,37,4,C2,0
6,37,5,C2,0
6,37,6,C2,0
6,37,7,C2,1
6,37,8,C2,0
6,37,9,C2,1
6,37,10,C2,1
6,38,1,C2,0
6,38,2,C2,1
6,38,3,C2,0
6,38,4,C2,1
6,38,5,C2,1
6,38,6,C2,0
6,38,7,C2,0
6,38,8,C2,0
6,38,9,C2,0
6,38,10,C2,0
6,39,1,C2,0
6,39,2,C2,1
6,39,3,C2,0
6,39,4,C2,0
6,39,5,C2,0
6,39,6,C2,0
6,39,7,C2,0
6,39,8,C2,1
6,39,9,C2,1
6,39,10,C2,0
6,40,1,C2,0
6,40,2,C2,0
6,40,3,C2,1
6,40,4,C2,1
6,40,5,C2,0
6,40,6,C2,1
6,40,7,C2,1
6,40,8,C2,1
6,40,9,C2,1
6,40,10,C2,1
7,1,1,C1,1
7,1,2,C1,1
7,1,3,C1,0
7,1,4,C1,1
7,1,5,C1,0
7,1,6,C1,1
7,1,7,C1,0
7,1,8,C1,0
7,1,9,C1,0
7,1,10,C1,0
7,2,1,C1,0
7,2,2,C1,1
7,2,3,C1,0
7,2,4,C1,1
7,2,5,C1,1
7,2,6,C1,0
7,2,7,C1,1
7,2,8,C1,1
7,2,9,C1,0
7,2,10,C1,0
7,3,1,C1,1
7,3,2,C1,1
7,3,3,C1,1
7,3,4,C1,0
7,3,5,C1,1
7,3,6,C1,1
7,3,7,C1,1
7,3,8,C1,0
7,3,9,C1,1
7,3,10,C1,0
7,4,1,C1,1
7,4,2,C1,0
7,4,3,C1,0
7,4,4,C1,0
7,4,5,C1,1
7,4,6,C1,0
7,4,7,C1,1
7,4,8,C1,1
7,4,9,C1,0
7,4,10,C1,0
7,5,1,C1,0
7,5,2,C1,0
7,5,3,C1,0
7,5,4,C1,1
7,5,5,C1,0
7,5,6,C1,1
7,5,7,C1,0
7,5,8,C1,1
7,5,9,C1,1
7,5,10,C1,1
7,6,1,C1,0
7,6,2,C1,1
7,6,3,C1,0
7,6,4,C1,1
7,6,5,C1,1
7,6,6,C1,0
7,6,7,C1,0
7,6,8,C1,1
7,6,9,C1,1
7,6,10,C1,0
7,7,1,C1,1
7,7,2,C1,0
7,7,3,C1,1
7,7,4,C1,1
7,7,5,C1,1
7,7,6,C1,1
7,7,7,C1,0
7,7,8,C1,0
7,7,9,C1,0
7,7,10,C1,1
7,8,1,C1,1
7,8,2,C1,1
7,8,3,C1,1
7,8,4,C1,0
7,8,5,C1,1
7,8,6,C1,1
7,8,7,C1,0
7,8,8,C1,1
7,8,9,C1,0
7,8,10,C1,1
7,9,1,C1,1
7,9,2,C1,1
7,9,3,C1,1
7,9,4,C1,1
7,9,5,C1,0
7,9,6,C1,1
7,9,7,C1,0
7,9,8,C1,1
7,9,9,C1,1
7,9,10,C1,1
7,10,1,C1,0
7,10,2,C1,0
7,10,3,C1,1
7,10,4,C1,1
7,10,5,C1,1
7,10,6,C1,1
7,10,7,C1,1
7,10,8,C1,0
7,10,9,C1,1
7,10,10,C1,0
7,11,1,C1,0
7,11,2,C1,0
7,11,3,C1,1
7,11,4,C1,0
7,11,5,C1,0
7,11,6,C1,1
7,11,7,C1,0
7,11,8,C1,1
7,11,9,C1,0
7,11,10,C1,0
7,12,1,C1,0
7,12,2,C1,0
7,12,3,C1,1
7,12,4,C1,0
7,12,5,C1,0
7,12,6,C1,0
7,12,7,C1,1
7,12,8,C1,1
7,12,9,C1,1
7,12,10,C1,1
7,13,1,C1,1
7,13,2,C1,1
7,13,3,C1,1
7,13,4,C1,1
7,13,5,C1,1
7,13,6,C1,1
7,13,7,C1,1
7,13,8,C1,0
7,13,9,C1,1
7,13,10,C1,0
7,14,1,C1,1
7,14,2,C1,0
7,14,3,C1,0
7,14,4,C1,0
7,14,5,C1,0
7,14,6,C1,0
7,14,7,C1,0
7,14,8,C1,0
7,14,9,C1,1
7,14,10,C1,0
7,15,1,C1,0
7,15,2,C1,1
7,15,3,C1,1
7,15,4,C1,1
7,15,5,C1,1
7,15,6,C1,1
7,15,7,C1,1
7,15,8,C1,1
7,15,9,C1,1
7,15,10,C1,0
7,16,1,C1,0
7,16,2,C1,0
7,16,3,C1,1
7,16,4,C1,0
7,16,5,C1,0
7,16,6,C1,1
7,16,7,C1,1
7,16,8,C1,0
7,16,9,C1,1
7,16,10,C1,1
7,17,1,C1,1
7,17,2,C1,1
7,17,3,C1,1
7,17,4,C1,1
7,17,5,C1,1
7,17,6,C1,0
7,17,7,C1,1
7,17,8,C1,1
7,17,9,C1,0
7,17,10,C1,1
7,18,1,C1,1
7,18,2,C1,1
7,18,3,C1,1
7,18,4,C1,0
7,18,5,C1,1
7,18,6,C1,1
7,18,7,C1,1
7,18,8,C1,0
7,18,9,C1,1
7,18,10,C1,0
7,19,1,C1,1
7,19,2,C1,0
7,19,3,C1,1
7,19,4,C1,1
7,19,5,C1,1
7,19,6,C1,0
7,19,7,C1,1
7,19,8,C1,1
7,19,9,C1,0
7,19,10,C1,1
7,20,1,C1,1
7,20,2,C1,1
7,20,3,C1,0
7,20,4,C1,1
7,20,5,C1,1
7,20,6,C1,1
7,20,7,C1,1
7,20,8,C1,1
7,20,9,C1,1
7,20,10,C1,1
7,21,1,C2,0
7,21,2,C2,1
7,21,3,C2,1
7,21,4,C2,1
7,21,5,C2,0
7,21,6,C2,1
7,21,7,C2,0
7,21,8,C2,1
7,21,9,C2,1
7,21,10,C2,1
7,22,1,C2,1
7,22,2,C2,1
7,22,3,C2,0
7,22,4,C2,0
7,22,5,C2,1
7,22,6,C2,0
7,22,7,C2,1
7,22,8,C2,1
7,22,9,C2,1
7,22,10,C2,1
7,23,1,C2,1
7,23,2,C2,1
7,23,3,C2,0
7,23,4,C2,1
7,23,5,C2,0
7,23,6,C2,1
7,23,7,C2,1
7,23,8,C2,0
7,23,9,C2,0
7,23,10,C2,0
7,24,1,C2,0
7,24,2,C2,0
7,24,3,C2,1
7,24,4,C2,1
7,24,5,C2,0
7,24,6,C2,1
7,24,7,C2,1
7,24,8,C2,1
7,24,9,C2,0
7,24,10,C2,1
7,25,1,C2,0
7,25,2,C2,1
7,25,3,C2,0
7,25,4,C2,0
7,25,5,C2,0
7,25,6,C2,0
7,25,7,C2,0
7,25,8,C2,1
7,25,9,C2,1
7,25,10,C2,0
7,26,1,C2,1
7,26,2,C2,1
7,26,3,C2,0
7,26,4,C2,1
7,26,5,C2,0
7,26,6,C2,0
7,26,7,C2,0
7,26,8,C2,0
7,26,9,C2,1
7,26,10,C2,0
7,27,1,C2,0
7,27,2,C2,0
7,27,3,C2,0
7,27,4,C2,0
7,27,5,C2,1
7,27,6,C2,0
7,27,7,C2,0
7,27,8,C2,1
7,27,9,C2,1
7,27,10,C2,1
7,28,1,C2,1
7,28,2,C2,0
7,28,3,C2,1
7,28,4,C2,0
7,28,5,C2,0
7,28,6,C2,1
7,28,7,C2,1
7,28,8,C2,1
7,28,9,C2,0
7,28,10,C2,0
7,29,1,C2,1
7,29,2,C2,1
7,29,3,C2,1
7,29,4,C2,1
7,29,5,C2,0
7,29,6,C2,0
7,29,7,C2,0
7,29,8,C2,1
7,29,9,C2,1
7,29,10,C2,1
7,30,1,C2,1
7,30,2,C2,0
7,30,3,C2,0
7,30,4,C2,0
7,30,5,C2,1
7,30,6,C2,0
7,30,7,C2,1
7,30,8,C2,1
7,30,9,C2,0
7,30,10,C2,1
7,31,1,C2,0
7,31,2,C2,1
7,31,3,C2,0
7,31,4,C2,1
7,31,5,C2,1
7,31,6,C2,0
7,31,7,C2,1
7,31,8,C2,0
7,31,9,C2,1
7,31,10,C2,0
7,32,1,C2,0
7,32,2,C2,1
7,32,3,C2,0
7,32,4,C2,1
7,32,5,C2,0
7,32,6,C2,1
7,32,7,C2,1
7,32,8,C2,0
7,32,9,C2,1
7,32,10,C2,0
7,33,1,C2,1
7,33,2,C2,1
7,33,3,C2,1
7,33,4,C2,0
7,33,5,C2,1
7,33,6,C2,1
7,33,7,C2,0
7,33,8,C2,1
7,33,9,C2,1
7,33,10,C2,0
7,34,1,C2,0
7,34,2,C2,0
7,34,3,C2,0
7,34,4,C2,1
7,34,5,C2,1
7,34,6,C2,1
7,34,7,C2,1
7,34,8,C2,1
7,34,9,C2,0
7,34,10,C2,0
7,35,1,C2,0
7,35,2,C2,1
7,35,3,C2,0
7,35,4,C2,1
7,35,5,C2,1
7,35,6,C2,1
7,35,7,C2,0
7,35,8,C2,0
7,35,9,C2,0
7,35,10,C2,0
7,36,1,C2,0
7,36,2,C2,1
7,36,3,C2,0
7,36,4,C2,0
7,36,5,C2,1
7,36,6,C2,0
7,36,7,C2,1
7,36,8,C2,1
7,36,9,C2,1
7,36,10,C2,1
7,37,1,C2,1
7,37,2,C2,1
7,37,3,C2,1
7,37,4,C2,1
7,37,5,C2,0
7,37,6,C2,1
7,37,7,C2,0
7,37,8,C2,0
7,37,9,C2,1
7,37,10,C2,0
7,38,1,C2,1
7,38,2,C2,0
7,38,3,C2,0
7,38,4,C2,0
7,38,5,C2,0
7,38,6,C2,0
7,38,7,C2,0
7,38,8,C2,1
7,38,9,C2,0
7,38,10,C2,1
7,39,1,C2,0
7,39,2,C2,1
7,39,3,C2,0
7,39,4,C2,0
7,39,5,C2,1
7,39,6,C2,0
7,39,7,C2,0
7,39,8,C2,1
7,39,9,C2,1
7,39,10,C2,0
7,40,1,C2,1
7,40,2,C2,1
7,40,3,C2,1
7,40,4,C2,0
7,40,5,C2,1
7,40,6,C2,0
7,40,7,C2,1
7,40,8,C2,0
7,40,9,C2,0
7,40,10,C2,0
8,1,1,C1,0
8,1,2,C1,0
8,1,3,C1,0
8,1,4,C1,1
8,1,5,C1,1
8,1,6,C1,0
8,1,7,C1,0
8,1,8,C1,0
8,1,9,C1,1
8,1,10,C1,0
8,2,1,C1,1
8,2,2,C1,0
8,2,3,C1,0
8,2,4,C1,1
8,2,5,C1,1
8,2,6,C1,0
8,2,7,C1,1
8,2,8,C1,1
8,2,9,C1,1
8,2,10,C1,1
8,3,1,C1,0
8,3,2,C1,1
8,3,3,C1,0
8,3,4,C1,1
8,3,5,C1,1
8,3,6,C1,0
8,3,7,C1,1
8,3,8,C1,1
8,3,9,C1,1
8,3,10,C1,1
8,4,1,C1,0
8,4,2,C1,1
8,4,3,C1,1
8,4,4,C1,1
8,4,5,C1,0
8,4,6,C1,1
8,4,7,C1,0
8,4,8,C1,0
8,4,9,C1,1
8,4,10,C1,1
8,5,1,C1,1
8,5,2,C1,0
8,5,3,C1,0
8,5,4,C1,0
8,5,5,C1,1
8,5,6,C1,1
8,5,7,C1,0
8,5,8,C1,1
8,5,9,C1,1
8,5,10,C1,0
8,6,1,C1,0
8,6,2,C1,0
8,6,3,C1,0
8,6,4,C1,1
8,6,5,C1,1
8,6,6,C1,1
8,6,7,C1,0
8,6,8,C1,1
8,6,9,C1,0
8,6,10,C1,0
8,7,1,C1,0
8,7,2,C1,1
8,7,3,C1,1
8,7,4,C1,0
8,7,5,C1,1
8,7,6,C1,1
8,7,7,C1,1
8,7,8,C1,0
8,7,9,C1,0
8,7,10,C1,0
8,8,1,C1,1
8,8,2,C1,0
8,8,3,C1,1
8,8,4,C1,0
8,8,5,C1,1
8,8,6,C1,0
8,8,7,C1,0
8,8,8,C1,0
8,8,9,C1,1
8,8,10,C1,1
8,9,1,C1,0
8,9,2,C1,1
8,9,3,C1,0
8,9,4,C1,0
8,9,5,C1,1
8,9,6,C1,0
8,9,7,C1,1
8,9,8,C1,1
8,9,9,C1,0
8,9,10,C1,0
8,10,1,C1,0
8,10,2,C1,0
8,10,3,C1,0
8,10,4,C1,1
8,10,5,C1,1
8,10,6,C1,0
8,10,7,C1,0
8,10,8,C1,1
8,10,9,C1,1
8,10,10,C1,1
8,11,1,C1,0
8,11,2,C1,0
8,11,3,C1,0
8,11,4,C1,0
8,11,5,C1,1
8,11,6,C1,0
8,11,7,C1,1
8,11,8,C1,0
8,11,9,C1,1
8,11,10,C1,1
8,12,1,C1,1
8,12,2,C1,0
8,12,3,C1,0
8,12,4,C1,1
8,12,5,C1,1
8,12,6,C1,1
8,12,7,C1,0
8,12,8,C1,0
8,12,9,C1,1
8,12,10,C1,0
8,13,1,C1,1
8,13,2,C1,0
8,13,3,C1,1
8,13,4,C1,1
8,13,5,C1,1
8,13,6,C1,1
8,13,7,C1,0
8,13,8,C1,1
8,13,9,C1,0
8,13,10,C1,1
8,14,1,C1,0
8,14,2,C1,1
8,14,3,C1,0
8,14,4,C1,0
8,14,5,C1,0
8,14,6,C1,1
8,14,7,C1,1
8,14,8,C1,1
8,14,9,C1,0
8,14,10,C1,0
8,15,1,C1,1
8,15,2,C1,0
8,15,3,C1,1
8,15,4,C1,0
8,15,5,C1,0
8,15,6,C1,0
8,15,7,C1,1
8,15,8,C1,1
8,15,9,C1,1
8,15,10,C1,1
8,16,1,C1,1
8,16,2,C1,1
8,16,3,C1,0
8,16,4,C1,1
8,16,5,C1,1
8,16,6,C1,1
8,16,7,C1,1
8,16,8,C1,1
8,16,9,C1,0
8,16,10,C1,1
8,17,1,C1,1
8,17,2,C1,0
8,17,3,C1,0
8,17,4,C1,0
8,17,5,C1,0
8,17,6,C1,1
8,17,7,C1,0
8,17,8,C1,1
8,17,9,C1,1
8,17,10,C1,1
8,18,1,C1,1
8,18,2,C1,0
8,18,3,C1,0
8,18,4,C1,1
8,18,5,C1,0
8,18,6,C1,1
8,18,7,C1,1
8,18,8,C1,1
8,18,9,C1,0
8,18,10,C1,1
8,19,1,C1,1
8,19,2,C1,0
8,19,3,C1,1
8,19,4,C1,1
8,19,5,C1,1
8,19,6,C1,0
8,19,7,C1,1
8,19,8,C1,0
8,19,9,C1,0
8,19,10,C1,1
8,20,1,C1,1
8,20,2,C1,1
8,20,3,C1,0
8,20,4,C1,0
8,20,5,C1,0
8,20,6,C1,0
8,20,7,C1,0
8,20,8,C1,1
8,20,9,C1,1
8,20,10,C1,1
8,21,1,C2,1
8,21,2,C2,0
8,21,3,C2,1
8,21,4,C2,0
8,21,5,C2,1
8,21,6,C2,0
8,21,7,C2,0
8,21,8,C2,1
8,21,9,C2,0
8,21,10,C2,1
8,22,1,C2,1
8,22,2,C2,1
8,22,3,C2,1
8,22,4,C2,0
8,22,5,C2,1
8,22,6,C2,1
8,22,7,C2,0
8,22,8,C2,0
8,22,9,C2,0
8,22,10,C2,1
8,23,1,C2,1
8,23,2,C2,0
8,23,3,C2,0
8,23,4,C2,0
8,23,5,C2,0
8,23,6,C2,0
8,23,7,C2,1
8,23,8,C2,0
8,23,9,C2,1
8,23,10,C2,1
8,24,1,C2,1
8,24,2,C2,1
8,24,3,C2,0
8,24,4,C2,1
8,24,5,C2,0
8,24,6,C2,0
8,24,7,C2,0
8,24,8,C2,0
8,24,9,C2,0
8,24,10,C2,0
8,25,1,C2,1
8,25,2,C2,1
8,25,3,C2,1
8,25,4,C2,1
8,25,5,C2,1
8,25,6,C2,0
8,25,7,C2,1
8,25,8,C2,0
8,25,9,C2,0
8,25,10,C2,1
8,26,1,C2,0
8,26,2,C2,0
8,26,3,C2,1
8,26,4,C2,0
8,26,5,C2,1
8,26,6,C2,1
8,26,7,C2,0
8,26,8,C2,1
8,26,9,C2,0
8,26,10,C2,0
8,27,1,C2,1
8,27,2,C2,0
8,27,3,C2,1
8,27,4,C2,1
8,27,5,C2,0
8,27,6,C2,1
8,27,7,C2,1
8,27,8,C2,0
8,27,9,C2,0
8,27,10,C2,1
8,28,1,C2,0
8,28,2,C2,1
8,28,3,C2,0
8,28,4,C2,0
8,28,5,C2,0
8,28,6,C2,0
8,28,7,C2,1
8,28,8,C2,1
8,28,9,C2,0
8,28,10,C2,1
8,29,1,C2,0
8,29,2,C2,1
8,29,3,C2,0
8,29,4,C2,0
8,29,5,C2,1
8,29,6,C2,1
8,29,7,C2,0
8,29,8,C2,0
8,29,9,C2,1
8,29,10,C2,0
8,30,1,C2,0
8,30,2,C2,1
8,30,3,C2,0
8,30,4,C2,1
8,30,5,C2,0
8,30,6,C2,1
8,30,7,C2,1
8,30,8,C2,0
8,30,9,C2,0
8,30,10,C2,0
8,31,1,C2,0
8,31,2,C2,0
8,31,3,C2,0
8,31,4,C2,1
8,31,5,C2,0
8,31,6,C2,1
8,31,7,C2,0
8,31,8,C2,1
8,31,9,C2,1
8,31,10,C2,1
8,32,1,C2,0
8,32,2,C2,0
8,32,3,C2,0
8,32,4,C2,1
8,32,5,C2,0
8,32,6,C2,1
8,32,7,C2,1
8,32,8,C2,1
8,32,9,C2,0
8,32,10,C2,1
8,33,1,C2,0
8,33,2,C2,0
8,33,3,C2,1
8,33,4,C2,0
8,33,5,C2,0
8,33,6,C2,0
8,33,7,C2,0
8,33,8,C2,1
8,33,9,C2,1
8,33,10,C2,1
8,34,1,C2,0
8,34,2,C2,0
8,34,3,C2,0
8,34,4,C2,1
8,34,5,C2,0
8,34,6,C2,0
8,34,7,C2,1
8,34,8,C2,0
8,34,9,C2,0
8,34,10,C2,1
8,35,1,C2,0
8,35,2,C2,1
8,35,3,C2,1
8,35,4,C2,1
8,35,5,C2,0
8,35,6,C2,0
8,35,7,C2,1
8,35,8,C2,0
8,35,9,C2,0
8,35,10,C2,1
8,36,1,C2,1
8,36,2,C2,1
8,36,3,C2,0
8,36,4,C2,0
8,36,5,C2,0
8,36,6,C2,1
8,36,7,C2,0
8,36,8,C2,1
8,36,9,C2,1
8,36,10,C2,0
8,37,1,C2,1
8,37,2,C2,0
8,37,3,C2,1
8,37,4,C2,0
8,37,5,C2,0
8,37,6,C2,1
8,37,7,C2,1
8,37,8,C2,1
8,37,9,C2,1
8,37,10,C2,0
8,38,1,C2,0
8,38,2,C2,1
8,38,3,C2,0
8,38,4,C2,0
8,38,5,C2,1
8,38,6,C2,1
8,38,7,C2,1
8,38,8,C2,1
8,38,9,C2,0
8,38,10,C2,1
8,39,1,C2,1
8,39,2,C2,1
8,39,3,C2,1
8,39,4,C2,0
8,39,5,C2,0
8,39,6,C2,1
8,39,7,C2,1
8,39,8,C2,0
8,39,9,C2,1
8,39,10,C2,0
8,40,1,C2,0
8,40,2,C2,0
8,40,3,C2,1
8,40,4,C2,0
8,40,5,C2,1
8,40,6,C2,1
8,40,7,C2,0
8,40,8,C2,1
8,40,9,C2,1
8,40,10,C2,0
9,1,1,C1,0
9,1,2,C1,0
9,1,3,C1,0
9,1,4,C1,0
9,1,5,C1,1
9,1,6,C1,0
9,1,7,C1,0
9,1,8,C1,1
9,1,9,C1,0
9,1,10,C1,1
9,2,1,C1,0
9,2,2,C1,0
9,2,3,C1,0
9,2,4,C1,1
9,2,5,C1,0
9,2,6,C1,1
9,2,7,C1,1
9,2,8,C1,1
9,2,9,C1,0
9,2,10,C1,0
9,3,1,C1,0
9,3,2,C1,0
9,3,3,C1,1
9,3,4,C1,0
9,3,5,C1,1
9,3,6,C1,1
9,3,7,C1,0
9,3,8,C1,0
9,3,9,C1,0
9,3,10,C1,0
9,4,1,C1,0
9,4,2,C1,1
9,4,3,C1,1
9,4,4,C1,0
9,4,5,C1,1
9,4,6,C1,0
9,4,7,C1,0
9,4,8,C1,1
9,4,9,C1,0
9,4,10,C1,1
9,5,1,C1,0
9,5,2,C1,0
9,5,3,C1,0
9,5,4,C1,1
9,5,5,C1,0
9,5,6,C1,0
9,5,7,C1,1
9,5,8,C1,1
9,5,9,C1,1
9,5,10,C1,1
9,6,1,C1,0
9,6,2,C1,1
9,6,3,C1,0
9,6,4,C1,1
9,6,5,C1,1
9,6,6,C1,1
9,6,7,C1,1
9,6,8,C1,0
9,6,9,C1,1
9,6,10,C1,0
9,7,1,C1,0
9,7,2,C1,0
9,7,3,C1,1
9,7,4,C1,1
9,7,5,C1,1
9,7,6,C1,1
9,7,7,C1,0
9,7,8,C1,1
9,7,9,C1,1
9,7,10,C1,1
9,8,1,C1,1
9,8,2,C1,1
9,8,3,C1,1
9,8,4,C1,1
9,8,5,C1,0
9,8,6,C1,1
9,8,7,C1,1
9,8,8,C1,1
9,8,9,C1,1
9,8,10,C1,1
9,9,1,C1,1
9,9,2,C1,1
9,9,3,C1,1
9,9,4,C1,1
9,9,5,C1,0
9,9,6,C1,1
9,9,7,C1,0
9,9,8,C1,0
9,9,9,C1,1
9,9,10,C1,1
9,10,1,C1,1
9,10,2,C1,1
9,10,3,C1,0
9,10,4,C1,1
9,10,5,C1,1
9,10,6,C1,1
9,10,7,C1,0
9,10,8,C1,1
9,10,9,C1,0
9,10,10,C1,0
9,11,1,C1,0
9,11,2,C1,1
9,11,3,C1,1
9,11,4,C1,0
9,11,5,C1,0
9,11,6,C1,0
9,11,7,C1,1
9,11,8,C1,0
9,11,9,C1,0
9,11,10,C1,1
9,12,1,C1,1
9,12,2,C1,1
9,12,3,C1,1
9,12,4,C1,1
9,12,5,C1,0
9,12,6,C1,0
9,12,7,C1,0
9,12,8,C1,1
9,12,9,C1,0
9,12,10,C1,0
9,13,1,C1,0
9,13,2,C1,0
9,13,3,C1,0
9,13,4,C1,1
9,13,5,C1,1
9,13,6,C1,1
9,13,7,C1,1
9,13,8,C1,0
9,13,9,C1,0
9,13,10,C1,1
9,14,1,C1,0
9,14,2,C1,0
9,14,3,C1,0
9,14,4,C1,0
9,14,5,C1,0
9,14,6,C1,1
9,14,7,C1,0
9,14,8,C1,1
9,14,9,C1,1
9,14,10,C1,0
9,15,1,C1,0
9,15,2,C1,1
9,15,3,C1,1
9,15,4,C1,1
9,15,5,C1,1
9,15,6,C1,0
9,15,7,C1,1
9,15,8,C1,0
9,15,9,C1,1
9,15,10,C1,0
9,16,1,C1,0
9,16,2,C1,1
9,16,3,C1,1
9,16,4,C1,1
9,16,5,C1,1
9,16,6,C1,0
9,16,7,C1,0
9,16,8,C1,0
9,16,9,C1,0
9,16,10,C1,1
9,17,1,C1,0
9,17,2,C1,0
9,17,3,C1,1
9,17,4,C1,0
9,17,5,C1,1
9,17,6,C1,1
9,17,7,C1,0
9,17,8,C1,1
9,17,9,C1,0
9,17,10,C1,1
9,18,1,C1,0
9,18,2,C1,0
9,18,3,C1,1
9,18,4,C1,0
9,18,5,C1,0
9,18,6,C1,0
9,18,7,C1,0
9,18,8,C1,0
9,18,9,C1,1
9,18,10,C1,0
9,19,1,C1,1
9,19,2,C1,1
9,19,3,C1,0
9,19,4,C1,1
9,19,5,C1,1
9,19,6,C1,0
9,19,7,C1,1
9,19,8,C1,1
9,19,9,C1,1
9,19,10,C1,0
9,20,1,C1,0
9,20,2,C1,1
9,20,3,C1,1
9,20,4,C1,1
9,20,5,C1,1
9,20,6,C1,1
9,20,7,C1,1
9,20,8,C1,0
9,20,9,C1,0
9,20,10,C1,0
9,21,1,C2,1
9,21,2,C2,0
9,21,3,C2,1
9,21,4,C2,1
9,21,5,C2,1
9,21,6,C2,0
9,21,7,C2,1
9,21,8,C2,0
9,21,9,C2,1
9,21,10,C2,0
9,22,1,C2,0
9,22,2,C2,0
9,22,3,C2,1
9,22,4,C2,1
9,22,5,C2,0
9,22,6,C2,0
9,22,7,C2,1
9,22,8,C2,0
9,22,9,C2,0
9,22,10,C2,0
9,23,1,C2,1
9,23,2,C2,0
9,23,3,C2,0
9,23,4,C2,1
9,23,5,C2,1
9,23,6,C2,0
9,23,7,C2,0
9,23,8,C2,0
9,23,9,C2,0
9,23,10,C2,0
9,24,1,C2,1
9,24,2,C2,1
9,24,3,C2,0
9,24,4,C2,1
9,24,5,C2,1
9,24,6,C2,1
9,24,7,C2,0
9,24,8,C2,1
9,24,9,C2,1
9,24,10,C2,0
9,25,1,C2,1
9,25,2,C2,1
9,25,3,C2,1
9,25,4,C2,0
9,25,5,C2,1
9,25,6,C2,0
9,25,7,C2,0
9,25,8,C2,1
9,25,9,C2,0
9,25,10,C2,0
9,26,1,C2,1
9,26,2,C2,1
9,26,3,C2,0
9,26,4,C2,1
9,26,5,C2,0
9,26,6,C2,0
9,26,7,C2,0
9,26,8,C2,0
9,26,9,C2,1
9,26,10,C2,0
9,27,1,C2,1
9,27,2,C2,0
9,27,3,C2,1
9,27,4,C2,1
9,27,5,C2,0
9,27,6,C2,1
9,27,7,C2,1
9,27,8,C2,0
9,27,9,C2,1
9,27,10,C2,1
9,28,1,C2,1
9,28,2,C2,1
9,28,3,C2,0
9,28,4,C2,0
9,28,5,C2,1
9,28,6,C2,1
9,28,7,C2,1
9,28,8,C2,1
9,28,9,C2,1
9,28,10,C2,0
9,29,1,C2,1
9,29,2,C2,1
9,29,3,C2,0
9,29,4,C2,0
9,29,5,C2,1
9,29,6,C2,0
9,29,7,C2,0
9,29,8,C2,0
9,29,9,C2,1
9,29,10,C2,1
9,30,1,C2,1
9,30,2,C2,0
9,30,3,C2,1
9,30,4,C2,1
9,30,5,C2,0
9,30,6,C2,1
9,30,7,C2,0
9,30,8,C2,1
9,30,9,C2,1
9,30,10,C2,0
9,31,1,C2,0
9,31,2,C2,0
9,31,3,C2,0
9,31,4,C2,1
9,31,5,C2,1
9,31,6,C2,1
9,31,7,C2,1
9,31,8,C2,1
9,31,9,C2,1
9,31,10,C2,0
9,32,1,C2,1
9,32,2,C2,1
9,32,3,C2,0
9,32,4,C2,0
9,32,5,C2,1
9,32,6,C2,1
9,32,7,C2,1
9,32,8,C2,1
9,32,9,C2,1
9,32,10,C2,1
9,33,1,C2,0
9,33,2,C2,0
9,33,3,C2,0
9,33,4,C2,1
9,33,5,C2,1
9,33,6,C2,1
9,33,7,C2,1
9,33,8,C2,0
9,33,9,C2,0
9,33,10,C2,1
9,34,1,C2,0
9,34,2,C2,0
9,34,3,C2,0
9,34,4,C2,0
9,34,5,C2,1
9,34,6,C2,0
9,34,7,C2,0
9,34,8,C2,1
9,34,9,C2,1
9,34,10,C2,1
9,35,1,C2,0
9,35,2,C2,0
9,35,3,C2,1
9,35,4,C2,1
9,35,5,C2,1
9,35,6,C2,1
9,35,7,C2,1
9,35,8,C2,1
9,35,9,C2,1
9,35,10,C2,1
9,36,1,C2,1
9,36,2,C2,0
9,36,3,C2,1
9,36,4,C2,1
9,36,5,C2,1
9,36,6,C2,0
9,36,7,C2,0
9,36,8,C2,0
9,36,9,C2,1
9,36,10,C2,0
9,37,1,C2,0
9,37,2,C2,1
9,37,3,C2,1
9,37,4,C2,1
9,37,5,C2,0
9,37,6,C2,1
9,37,7,C2,1
9,37,8,C2,1
9,37,9,C2,0
9,37,10,C2,1
9,38,1,C2,1
9,38,2,C2,1
9,38,3,C2,0
9,38,4,C2,1
9,38,5,C2,0
9,38,6,C2,0
9,38,7,C2,0
9,38,8,C2,0
9,38,9,C2,1
9,38,10,C2,1
9,39,1,C2,1
9,39,2,C2,1
9,39,3,C2,1
9,39,4,C2,1
9,39,5,C2,1
9,39,6,C2,1
9,39,7,C2,1
9,39,8,C2,0
9,39,9,C2,0
9,39,10,C2,0
9,40,1,C2,1
9,40,2,C2,1
9,40,3,C2,0
9,40,4,C2,0
9,40,5,C2,0
9,40,6,C2,0
9,40,7,C2,1
9,40,8,C2,1
9,40,9,C2,1
9,40,10,C2,1
10,1,1,C1,1
10,1,2,C1,0
10,1,3,C1,0
10,1,4,C1,0
10,1,5,C1,1
10,1,6,C1,0
10,1,7,C1,1
10,1,8,C1,1
10,1,9,C1,1
10,1,10,C1,0
10,2,1,C1,1
10,2,2,C1,1
10,2,3,C1,1
10,2,4,C1,1
10,2,5,C1,1
10,2,6,C1,1
10,2,7,C1,1
10,2,8,C1,0
10,2,9,C1,0
10,2,10,C1,0
10,3,1,C1,0
10,3,2,C1,1
10,3,3,C1,1
10,3,4,C1,1
10,3,5,C1,1
10,3,6,C1,1
10,3,7,C1,1
10,3,8,C1,0
10,3,9,C1,1
10,3,10,C1,0
10,4,1,C1,1
10,4,2,C1,0
10,4,3,C1,1
10,4,4,C1,0
10,4,5,C1,0
10,4,6,C1,1
10,4,7,C1,0
10,4,8,C1,1
10,4,9,C1,1
10,4,10,C1,0
10,5,1,C1,1
10,5,2,C1,1
10,5,3,C1,0
10,5,4,C1,0
10,5,5,C1,1
10,5,6,C1,0
10,5,7,C1,0
10,5,8,C1,1
10,5,9,C1,1
10,5,10,C1,0
10,6,1,C1,0
10,6,2,C1,1
10,6,3,C1,1
10,6,4,C1,1
10,6,5,C1,1
10,6,6,C1,0
10,6,7,C1,0
10,6,8,C1,0
10,6,9,C1,0
10,6,10,C1,1
10,7,1,C1,0
10,7,2,C1,0
10,7,3,C1,1
10,7,4,C1,1
10,7,5,C1,1
10,7,6,C1,0
10,7,7,C1,1
10,7,8,C1,0
10,7,9,C1,1
10,7,10,C1,0
10,8,1,C1,0
10,8,2,C1,1
10,8,3,C1,0
10,8,4,C1,1
10,8,5,C1,1
10,8,6,C1,1
10,8,7,C1,0
10,8,8,C1,0
10,8,9,C1,1
10,8,10,C1,1
10,9,1,C1,1
10,9,2,C1,1
10,9,3,C1,0
10,9,4,C1,1
10,9,5,C1,1
10,9,6,C1,1
10,9,7,C1,1
10,9,8,C1,1
10,9,9,C1,1
10,9,10,C1,1
10,10,1,C1,1
10,10,2,C1,1
10,10,3,C1,1
10,10,4,C1,1
10,10,5,C1,1
10,10,6,C1,1
10,10,7,C1,0
10,10,8,C1,1
10,10,9,C1,1
10,10,10,C1,1
10,11,1,C1,1
10,11,2,C1,1
10,11,3,C1,1
10,11,4,C1,0
10,11,5,C1,0
10,11,6,C1,1
10,11,7,C1,1
10,11,8,C1,1
10,11,9,C1,0
10,11,10,C1,0
10,12,1,C1,0
10,12,2,C1,1
10,12,3,C1,0
10,12,4,C1,1
10,12,5,C1,0
10,12,6,C1,0
10,12,7,C1,1
10,12,8,C1,1
10,12,9,C1,0
10,12,10,C1,1
10,13,1,C1,0
10,13,2,C1,0
10,13,3,C1,1
10,13,4,C1,0
10,13,5,C1,0
10,13,6,C1,1
10,13,7,C1,0
10,13,8,C1,0
10,13,9,C1,0
10,13,10,C1,1
10,14,1,C1,0
10,14,2,C1,0
10,14,3,C1,0
10,14,4,C1,1
10,14,5,C1,0
10,14,6,C1,1
10,14,7,C1,0
10,14,8,C1,1
10,14,9,C1,0
10,14,10,C1,0
10,15,1,C1,0
10,15,2,C1,0
10,15,3,C1,1
10,15,4,C1,0
10,15,5,C1,1
10,15,6,C1,0
10,15,7,C1,1
10,15,8,C1,1
10,15,9,C1,0
10,15,10,C1,0
10,16,1,C1,1
10,16,2,C1,0
10,16,3,C1,1
10,16,4,C1,1
10,16,5,C1,1
10,16,6,C1,1
10,16,7,C1,1
10,16,8,C1,0
10,16,9,C1,0
10,16,10,C1,0
10,17,1,C1,1
10,17,2,C1,0
10,17,3,C1,0
10,17,4,C1,1
10,17,5,C1,0
10,17,6,C1,0
10,17,7,C1,1
10,17,8,C1,0
10,17,9,C1,0
10,17,10,C1,1
10,18,1,C1,0
10,18,2,C1,0
10,18,3,C1,0
10,18,4,C1,0
10,18,5,C1,1
10,18,6,C1,0
10,18,7,C1,1
10,18,8,C1,0
10,18,9,C1,0
10,18,10,C1,0
10,19,1,C1,1
10,19,2,C1,1
10,19,3,C1,1
10,19,4,C1,0
10,19,5,C1,0
10,19,6,C1,1
10,19,7,C1,0
10,19,8,C1,1
10,19,9,C1,1
10,19,10,C1,1
10,20,1,C1,1
10,20,2,C1,0
10,20,3,C1,1
10,20,4,C1,0
10,20,5,C1,1
10,20,6,C1,0
10,20,7,C1,1
10,20,8,C1,0
10,20,9,C1,0
10,20,10,C1,0
10,21,1,C2,0
10,21,2,C2,1
10,21,3,C2,0
10,21,4,C2,1
10,21,5,C2,1
10,21,6,C2,0
10,21,7,C2,1
10,21,8,C2,0
10,21,9,C2,0
10,21,10,C2,0
10,22,1,C2,0
10,22,2,C2,1
10,22,3,C2,1
10,22,4,C2,0
10,22,5,C2,0
10,22,6,C2,1
10,22,7,C2,0
10,22,8,C2,0
10,22,9,C2,1
10,22,10,C2,0
10,23,1,C2,0
10,23,2,C2,1
10,23,3,C2,0
10,23,4,C2,0
10,23,5,C2,1
10,23,6,C2,1
10,23,7,C2,0
10,23,8,C2,1
10,23,9,C2,0
10,23,10,C2,0
10,24,1,C2,0
10,24,2,C2,1
10,24,3,C2,0
10,24,4,C2,0
10,24,5,C2,1
10,24,6,C2,1
10,24,7,C2,0
10,24,8,C2,1
10,24,9,C2,1
10,24,10,C2,1
10,25,1,C2,0
10,25,2,C2,1
10,25,3,C2,0
10,25,4,C2,0
10,25,5,C2,1
10,25,6,C2,1
10,25,7,C2,0
10,25,8,C2,0
10,25,9,C2,0
10,25,10,C2,0
10,26,1,C2,0
10,26,2,C2,1
10,26,3,C2,0
10,26,4,C2,0
10,26,5,C2,1
10,26,6,C2,0
10,26,7,C2,0
10,26,8,C2,0
10,26,9,C2,1
10,26,10,C2,0
10,27,1,C2,1
10,27,2,C2,1
10,27,3,C2,0
10,27,4,C2,0
10,27,5,C2,1
10,27,6,C2,0
10,27,7,C2,0
10,27,8,C2,0
10,27,9,C2,0
10,27,10,C2,0
10,28,1,C2,1
10,28,2,C2,1
10,28,3,C2,1
10,28,4,C2,0
10,28,5,C2,0
10,28,6,C2,0
10,28,7,C2,0
10,28,8,C2,0
10,28,9,C2,1
10,28,10,C2,0
10,29,1,C2,1
10,29,2,C2,0
10,29,3,C2,0
10,29,4,C2,0
10,29,5,C2,1
10,29,6,C2,1
10,29,7,C2,1
10,29,8,C2,1
10,29,9,C2,0
10,29,10,C2,1
10,30,1,C2,1
10,30,2,C2,1
10,30,3,C2,0
10,30,4,C2,1
10,30,5,C2,0
10,30,6,C2,1
10,30,7,C2,0
10,30,8,C2,1
10,30,9,C2,0
10,30,10,C2,1
10,31,1,C2,0
10,31,2,C2,0
10,31,3,C2,1
10,31,4,C2,1
10,31,5,C2,0
10,31,6,C2,0
10,31,7,C2,0
10,31,8,C2,0
10,31,9,C2,0
10,31,10,C2,0
10,32,1,C2,0
10,32,2,C2,1
10,32,3,C2,0
10,32,4,C2,0
10,32,5,C2,0
10,32,6,C2,1
10,32,7,C2,0
10,32,8,C2,0
10,32,9,C2,1
10,32,10,C2,1
10,33,1,C2,1
10,33,2,C2,0
10,33,3,C2,1
10,33,4,C2,1
10,33,5,C2,0
10,33,6,C2,0
10,33,7,C2,1
10,33,8,C2,1
10,33,9,C2,0
10,33,10,C2,0
10,34,1,C2,0
10,34,2,C2,1
10,34,3,C2,0
10,34,4,C2,0
10,34,5,C2,0
10,34,6,C2,1
10,34,7,C2,1
10,34,8,C2,0
10,34,9,C2,1
10,34,10,C2,1
10,35,1,C2,0
10,35,2,C2,1
10,35,3,C2,0
10,35,4,C2,1
10,35,5,C2,1
10,35,6,C2,1
10,35,7,C2,0
10,35,8,C2,0
10,35,9,C2,1
10,35,10,C2,1
10,36,1,C2,0
10,36,2,C2,0
10,36,3,C2,0
10,36,4,C2,1
10,36,5,C2,0
10,36,6,C2,0
10,36,7,C2,1
10,36,8,C2,0
10,36,9,C2,0
10,36,10,C2,1
10,37,1,C2,0
10,37,2,C2,0
10,37,3,C2,1
10,37,4,C2,1
10,37,5,C2,1
10,37,6,C2,0
10,37,7,C2,1
10,37,8,C2,1
10,37,9,C2,0
10,37,10,C2,0
10,38,1,C2,0
10,38,2,C2,0
10,38,3,C2,0
10,38,4,C2,1
10,38,5,C2,1
10,38,6,C2,1
10,38,7,C2,0
10,38,8,C2,1
10,38,9,C2,0
10,38,10,C2,1
10,39,1,C2,0
10,39,2,C2,1
10,39,3,C2,1
10,39,4,C2,0
10,39,5,C2,0
10,39,6,C2,0
10,39,7,C2,0
10,39,8,C2,0
10,39,9,C2,1
10,39,10,C2,0
10,40,1,C2,0
10,40,2,C2,1
10,40,3,C2,1
10,40,4,C2,1
10,40,5,C2,0
10,40,6,C2,0
10,40,7,C2,1
10,40,8,C2,1
10,40,9,C2,1
10,40,10,C2,0
