"","EyetrackingR","MyVersionPositiveT","MyVersionNegativeT"
"1",2.36587185688938,2.15307119220985,-3.20954900558896
"2",0,0,0
"3",-2.15606546468913,2.76995313720608,-2.71227819903726
"4",2.21388208478914,-2.10818510677892,-2.10818510677892
"5",0,0,0
"6",0,2.46867163118984,2.46867163118984
"7",3.3593828748507,2.10818510677892,2.10818510677892
"8",4.21295393338946,2.21388208478914,2.21388208478914
"9",-2.22330596879834,0,0
"10",0,-2.34293620952907,-2.34293620952907
"11",2.10476882661054,-2.54958582863865,-2.54958582863865
"12",0,-2.59239734945615,-2.59239734945615
"13",2.82783185437766,0,0
"14",2.44172026007226,2.36587185688938,-2.84234346485477
"15",0,3.63422915493662,3.63422915493662
"16",2.97274440581857,3.71983371095575,3.71983371095575
"17",-2.48376918359666,0,0
"18",2.25799302362937,0,0
"19",-3.08417457717258,2.89609864945713,-2.43825409136302
"20",-2.47679816456288,-2.23916443449594,-2.47679816456288
"21",0,0,0
"22",-3.06312194490894,2.16888494290298,-2.55096052050341
"23",-2.66618548391556,-2.25799302362937,-2.25799302362937
"24",-2.89663786982514,2.37802330742771,2.37802330742771
"25",-2.34936050513458,-2.49722934457863,-2.49722934457863
"26",0,0,0
"27",-2.56660293882961,0,0
"28",2.23835351154791,-2.12070034636868,-2.12070034636868
"29",0,0,0
"30",0,2.21388208478914,2.21388208478914
"31",-2.12070034636868,0,0
"32",-2.22725860462418,3.70805312835941,3.70805312835941
"33",2.37802330742771,0,0
"34",-5.10261401698187,2.3323624036192,-2.10476882661054
"35",0,0,0
"36",0,0,0
"37",-2.10818510677892,0,0
"38",0,2.46867163118984,-2.23835351154791
"39",2.19016989785258,0,0
"40",0,0,0
"41",2.10467870398631,2.3323624036192,-2.66618548391556
"42",3.4204890800986,3.1669683660287,-2.62374883916401
"43",0,0,0
"44",0,2.45506897123473,-2.26000613853934
"45",3.3593828748507,2.34936050513458,2.34936050513458
"46",-3.66631428891691,2.22725860462418,2.22725860462418
"47",2.11285007371453,2.43825409136302,2.43825409136302
"48",2.4648906473717,-2.19016989785258,-2.19016989785258
"49",0,3.71983371095575,-2.15606546468913
"50",-2.34936050513458,-2.52138231015314,-2.52138231015314
"51",0,2.34200522045872,-3.08512832757664
"52",0,3.09228708696833,3.09228708696833
"53",-3.1669683660287,0,0
"54",0,0,0
"55",0,-2.10476882661054,-2.84234346485476
"56",0,2.82783185437766,-2.89609864945713
"57",0,-2.89663786982514,-2.89663786982514
"58",0,3.10349896840578,3.07953495329996
"59",0,2.15606546468913,2.15606546468913
"60",2.11285007371453,2.25799302362937,-2.15307119220985
"61",-4.35669827855484,2.36587185688938,2.36587185688938
"62",2.82583705660136,-2.34211752171288,-2.34211752171288
"63",-3.31918477076358,0,0
"64",0,0,0
"65",2.10818510677892,-2.56660293882961,-2.56660293882961
"66",0,2.71227819903726,-2.22092957934888
"67",3.30846579942213,-2.68152842149629,-2.68152842149629
"68",0,0,0
"69",0,2.74693548622033,2.74693548622033
"70",2.25799302362937,0,0
"71",2.5855200451516,2.21402777230681,2.21402777230681
"72",0,-2.52441494359652,-2.52441494359652
"73",-2.3323624036192,-2.87689007466124,-2.87689007466124
"74",2.67100906763234,0,0
"75",0,0,0
"76",2.36587185688938,0,0
"77",-2.47679816456288,0,0
"78",0,-3.08417457717258,-3.08417457717258
"79",-4.9133282925027,2.82783185437766,2.63592133116836
"80",-2.10467870398631,0,0
"81",2.23916443449594,2.51661147842358,-2.54958582863865
"82",2.61101699849969,0,0
"83",0,0,0
"84",-2.10476882661054,0,0
"85",0,2.3323624036192,-3.15636746936407
"86",-2.12070034636868,-2.26000613853934,-2.26000613853934
"87",0,0,0
"88",2.89289807700342,0,0
"89",3.20925625510572,2.34864408377644,2.34864408377644
"90",2.92221249102399,2.34200522045872,-2.36587185688938
"91",2.300831742694,0,0
"92",2.66377157660819,0,0
"93",2.81861677368741,0,0
"94",3.57711230439641,-2.6263358283586,-2.6263358283586
"95",-3.01491309935755,0,0
"96",-2.12070034636868,3.09228708696833,-2.300831742694
"97",2.55096052050341,0,0
"98",0,0,0
"99",0,-3.682947537517,-3.682947537517
"100",4.39115382966914,-2.63592133116835,-2.63592133116835
"101",2.26000613853934,0,0
"102",0,0,0
"103",2.25819439102596,-2.62374883916401,-2.62374883916401
"104",0,0,0
"105",-2.92221249102399,0,0
"106",2.10467870398631,0,0
"107",2.48870112455863,2.98730666615107,-2.15307119220985
"108",2.32249316630466,2.48376918359666,2.48376918359666
"109",-2.32249316630466,0,0
"110",2.24061854851023,0,0
"111",0,0,0
"112",0,-2.15606546468913,-3.75928602329733
"113",0,-2.23835351154791,-2.66618548391556
"114",0,2.95246116541819,2.95246116541819
"115",-2.34936050513458,3.01491309935755,2.26000613853934
"116",-5.70425739386201,2.37814981781333,2.37814981781333
"117",0,-4.32591814984935,-4.32591814984935
"118",2.71720587189655,0,0
"119",2.300831742694,2.49722934457863,2.49722934457863
"120",-2.39045721866879,0,0
"121",-2.63592133116835,-2.59239734945615,-2.59239734945615
"122",0,-2.46867163118984,-2.46867163118984
"123",-3.75928602329733,0,0
"124",-2.34211752171288,0,0
"125",-3.14153751378685,2.54958582863865,2.54958582863865
"126",2.56455124279533,2.10840654316489,-2.83449686928711
"127",-2.22458843332556,2.72501795067583,2.72501795067583
"128",0,-3.3593828748507,-3.3593828748507
"129",2.32249316630466,0,0
"130",0,-3.75045884344433,-3.75045884344433
"131",0,-3.10349896840578,-3.70897199874126
"132",-2.3323624036192,0,0
"133",-3.26724208774327,2.72501795067583,2.72501795067583
"134",-5.10362283320741,2.11285007371453,2.11285007371453
"135",0,2.34293620952907,-2.10840654316489
"136",0,-2.300831742694,-2.300831742694
"137",0,2.21388208478914,2.21388208478914
"138",0,0,0
"139",4.08109650307327,0,0
"140",3.03868286007933,-2.63592133116835,-2.63592133116835
"141",-2.34293620952907,0,0
"142",0,2.84234346485477,2.84234346485477
"143",-5.47711989310939,0,0
"144",0,0,0
"145",0,2.40172387489727,2.40172387489727
"146",-2.39045721866879,0,0
"147",2.76171656489186,0,0
"148",-2.82583705660136,2.71227819903726,2.36587185688938
"149",0,0,0
"150",5.10261401698187,2.54958582863865,2.54958582863865
"151",0,2.76217096349785,-3.01491309935755
"152",-2.48870112455863,-2.36587185688938,-2.36587185688938
"153",-4.64283696315272,0,0
"154",3.00792603759119,5.45201036678542,5.45201036678542
"155",2.34200522045872,-2.22330596879834,-2.22330596879834
"156",2.53784908260946,-2.15606546468913,-2.15606546468913
"157",2.47728700484881,-2.47728700484881,-2.47728700484881
"158",2.23835351154791,0,0
"159",-2.10476882661054,0,0
"160",0,-2.32249316630466,-2.32249316630466
"161",-2.62374883916401,-2.36168937857427,-2.36168937857427
"162",0,4.53898773280499,4.53898773280499
"163",0,2.10467870398631,-2.10476882661054
"164",0,0,0
"165",0,2.53784908260946,2.53784908260946
"166",-3.15959662733356,-2.3323624036192,-2.3323624036192
"167",0,-2.78655413649195,-2.78655413649195
"168",0,2.36587185688938,2.36587185688938
"169",0,2.71720587189655,2.23835351154791
"170",-2.63592133116835,2.59239734945615,2.59239734945615
"171",2.91416128417596,0,0
"172",0,0,0
"173",-2.44172026007226,-2.56455124279533,-2.56455124279533
"174",-2.23835351154791,0,0
"175",0,4.29078695732826,2.10840654316489
"176",0,3.01491309935755,3.01491309935755
"177",3.03868286007933,0,0
"178",0,-5.58530327025165,-5.58530327025165
"179",4.27840098511629,0,0
"180",0,2.95246116541819,2.95246116541819
"181",-2.3323624036192,3.10165329535023,-2.24061854851023
"182",2.19016989785258,2.36168937857427,2.36168937857427
"183",0,2.48376918359666,-2.40172387489727
"184",-2.44172026007226,0,0
"185",0,2.10840654316489,2.10840654316489
"186",0,0,0
"187",3.62566247267044,0,0
"188",2.84234346485476,0,0
"189",0,0,0
"190",3.30157514019816,0,0
"191",4.36468484252565,-3.90880679368949,-3.90880679368949
"192",2.19016989785258,0,0
"193",2.59239734945614,-2.37814981781333,-2.37814981781333
"194",0,4.34767268638514,-3.08417457717258
"195",2.82583705660136,-2.36168937857427,-2.36168937857427
"196",-2.96599182814585,2.72501795067583,2.12070034636868
"197",-2.44172026007226,-2.71227819903726,-2.71227819903726
"198",2.09504391599624,3.37778467051957,3.37778467051957
"199",2.32249316630467,0,0
"200",0,-2.20105009346544,-2.20105009346544
"201",0,2.10467870398631,2.10467870398631
"202",0,0,0
"203",-2.2820404859343,3.03868286007933,2.5855200451516
"204",2.36587185688938,3.43410882883403,3.43410882883403
"205",3.07437418830991,2.71669235201072,2.71669235201072
"206",-2.13576869920596,2.44746787719492,2.44172026007226
"207",-2.36168937857427,2.34864408377644,2.34864408377644
"208",2.69016844026656,-2.36587185688938,-2.36587185688938
"209",-2.48870112455863,2.62374883916401,2.62374883916401
"210",2.49722934457863,-2.71720587189655,-2.71720587189655
"211",3.55491479287324,2.72501795067583,2.72501795067583
"212",0,0,0
"213",0,2.92313624008529,2.82583705660136
"214",2.59239734945615,0,0
"215",-3.20925625510572,2.25799302362937,2.15606546468913
"216",3.90880679368949,2.19016989785258,2.19016989785258
"217",0,0,0
"218",0,2.97274440581857,2.97274440581857
"219",0,2.3323624036192,2.3323624036192
"220",0,2.11285007371453,2.11285007371453
"221",3.25409463221557,2.22092957934888,2.22092957934888
"222",-2.300831742694,0,0
"223",2.84234346485477,0,0
"224",-2.43825409136302,-2.82783185437766,-2.82783185437766
"225",0,-2.68152842149629,-2.68152842149629
"226",0,2.37802330742771,2.37802330742771
"227",2.66618548391556,2.25819439102596,2.25819439102596
"228",0,0,0
"229",0,-2.10840654316489,-2.10840654316489
"230",0,-2.32249316630466,-2.32249316630466
"231",0,2.48376918359667,2.34864408377644
"232",3.66631428891691,2.21388208478914,2.21388208478914
"233",2.15606546468913,0,0
"234",2.10476882661054,2.34675230410276,-2.46867163118984
"235",-2.48376918359666,0,0
"236",0,-3.27820169221505,-3.27820169221505
"237",0,2.47728700484881,-2.45506897123473
"238",0,3.37778467051957,-2.2820404859343
"239",2.43825409136302,2.10476882661054,-2.48376918359667
"240",0,0,0
"241",-2.22725860462418,0,0
"242",2.10476882661054,2.36587185688938,2.36587185688938
"243",0,-2.39045721866879,-2.39045721866879
"244",4.15473581025278,0,0
"245",0,-2.13576869920596,-2.13576869920596
"246",0,0,0
"247",0,0,0
"248",3.55902608401044,2.47679816456288,2.47679816456288
"249",0,5.96092969219317,-2.25799302362937
"250",0,2.95246116541819,2.95246116541819
"251",-4.80342279608744,0,0
"252",-3.10165329535023,2.61101699849969,2.15606546468913
"253",0,-3.20954900558896,-3.20954900558896
"254",2.68152842149628,-2.22458843332556,-2.22458843332556
"255",0,0,0
"256",2.10818510677892,2.37802330742771,2.22725860462418
"257",-2.71669235201072,0,0
"258",0,0,0
"259",2.92313624008529,2.89289807700342,2.89289807700342
"260",-2.32249316630466,2.15307119220985,2.15307119220985
"261",0,0,0
"262",0,2.23835351154791,2.23835351154791
"263",0,-2.66618548391556,-2.66618548391556
"264",0,0,0
"265",-3.96816080967197,-2.19856446213224,-2.67100906763234
"266",0,2.48870112455863,-3.39267490830831
"267",-2.21995239561563,0,0
"268",2.87689007466124,-2.34864408377644,-2.55096052050341
"269",0,2.6263358283586,2.6263358283586
"270",0,0,0
"271",0,0,0
"272",0,-2.10476882661054,-2.10476882661054
"273",2.91416128417596,2.22458843332556,-3.14153751378685
"274",-2.63592133116835,0,0
"275",-2.34211752171288,4.95268439540068,-2.76171656489186
"276",-2.36168937857427,2.23835351154791,2.23835351154791
"277",0,2.71669235201072,-3.54966478474501
"278",-2.96599182814585,0,0
"279",2.2820404859343,2.19016989785258,2.10840654316489
"280",0,-5.10428848521073,-5.10428848521073
"281",0,2.37814981781333,-3.19855736712181
"282",-2.19856446213224,0,0
"283",0,0,0
"284",-2.09504391599624,0,0
"285",0,0,0
"286",-2.92221249102399,-2.44746787719492,-2.44746787719492
"287",-2.82583705660136,2.09504391599624,2.09504391599624
"288",2.66377157660819,2.16888494290298,2.16888494290298
"289",-2.69016844026656,0,0
"290",0,2.55096052050341,2.52441494359652
"291",2.25799302362937,2.25819439102596,2.25819439102596
"292",3.06312194490894,0,0
"293",0,2.71669235201072,2.71669235201072
"294",2.52441494359652,0,0
"295",4.5577893395864,0,0
"296",3.0523211362696,0,0
"297",-2.76995313720608,0,0
"298",2.2820404859343,0,0
"299",2.82583705660136,0,0
"300",2.63592133116835,0,0
"301",0,-2.15307119220985,-2.48376918359667
"302",-6.45333732312211,2.34936050513458,-2.20105009346544
"303",2.10818510677892,0,0
"304",2.25799302362937,0,0
"305",3.83049603173929,2.90181717205162,2.53784908260946
"306",2.47679816456288,2.16888494290298,2.16888494290298
"307",0,0,0
"308",-2.56660293882961,-2.25799302362937,-2.25799302362937
"309",-2.15307119220985,3.08417457717258,-2.37802330742771
"310",-2.34293620952907,-2.2820404859343,-2.2820404859343
"311",0,-2.94629473757339,-2.94629473757339
"312",3.54849328173635,0,0
"313",-3.35168402777188,-2.56455124279533,-2.56455124279533
"314",0,-2.92221249102399,-2.92221249102399
"315",0,0,0
"316",0,0,0
"317",0,2.32249316630466,2.32249316630466
"318",0,0,0
"319",2.55096052050341,2.21995239561563,2.19016989785258
"320",-2.46867163118984,0,0
"321",-2.40172387489727,4.48129899242771,4.48129899242771
"322",-2.50153052477735,-2.47728700484881,-2.47728700484881
"323",2.22458843332556,0,0
"324",3.26724208774327,2.6263358283586,-2.10476882661054
"325",3.2433656395008,2.47679816456288,-2.44172026007226
"326",0,0,0
"327",-2.39045721866879,-3.37778467051957,-3.37778467051957
"328",0,0,0
"329",0,0,0
"330",0,2.20105009346544,2.20105009346544
"331",0,2.78012085067721,-2.59239734945615
"332",0,0,0
"333",0,2.24061854851023,-2.82583705660136
"334",2.16888494290298,-2.50153052477735,-2.50153052477735
"335",2.61617667665206,3.10349896840578,-2.74693548622033
"336",-2.38498421129988,0,0
"337",-2.54958582863865,2.10476882661054,2.10476882661054
"338",0,5.33108137118061,-2.23916443449594
"339",2.81861677368741,-3.10349896840578,-3.10349896840578
"340",0,-2.55096052050341,-2.55096052050341
"341",0,-2.16888494290298,-2.16888494290298
"342",2.75040337640369,0,0
"343",0,2.22330596879834,2.22330596879834
"344",-6.32556430416849,0,0
"345",-2.72501795067583,0,0
"346",2.34936050513458,0,0
"347",2.12070034636868,-2.10840654316489,-2.10840654316489
"348",0,2.5855200451516,2.12070034636868
"349",0,0,0
"350",0,0,0
"351",2.43825409136302,0,0
"352",3.14153751378685,3.63064344376009,-2.52441494359652
"353",4.15833493278878,-2.53784908260946,-3.44444444444444
"354",0,-3.10165329535023,-3.10165329535023
"355",0,0,0
"356",-4.27112689075653,0,0
"357",0,-2.3323624036192,-2.3323624036192
"358",3.30090423833185,0,0
"359",-4.29078695732826,-4.28897538845201,-4.28897538845201
"360",2.36587185688938,2.67100906763234,2.67100906763234
"361",-2.47679816456288,0,0
"362",-2.54958582863865,0,0
"363",0,-2.12070034636868,-2.52441494359652
"364",-3.49083919054852,0,0
"365",0,2.75040337640369,2.75040337640369
"366",0,0,0
"367",2.34675230410276,-2.32249316630466,-2.32249316630466
"368",0,0,0
"369",-2.81861677368741,0,0
"370",0,-2.22092957934888,-2.22092957934888
"371",0,2.47728700484881,2.47728700484881
"372",2.24061854851023,0,0
"373",0,0,0
"374",2.95561028958624,0,0
"375",-2.5855200451516,0,0
"376",4.34538737512077,2.34211752171288,2.34211752171288
"377",-2.22725860462418,0,0
"378",0,-2.32249316630466,-2.32249316630466
"379",6.3848631406118,2.66618548391556,2.66618548391556
"380",-2.55096052050341,0,0
"381",0,-2.10467870398631,-2.10467870398631
"382",2.66618548391556,0,0
"383",2.10818510677892,-2.37814981781333,-2.37814981781333
"384",0,3.09245421522511,3.09245421522511
"385",-5.27482586007599,2.53784908260946,2.53784908260946
"386",0,-2.26000613853934,-3.08512832757664
"387",-2.61617667665206,0,0
"388",-2.98730666615107,0,0
"389",0,-3.34468472174142,-3.34468472174142
"390",0,0,0
"391",-2.63592133116836,0,0
"392",3.07953495329996,0,0
"393",0,2.55096052050341,2.55096052050341
"394",0,0,0
"395",5.34227184386047,0,0
"396",0,2.71720587189655,2.71720587189655
"397",0,-2.19016989785258,-2.19016989785258
"398",0,0,0
"399",-2.52138231015314,2.10476882661054,2.10476882661054
"400",-2.63592133116835,0,0
"401",-3.91506463451588,2.48870112455863,-2.34936050513458
"402",0,2.72501795067583,-2.36168937857427
"403",-2.78012085067721,0,0
"404",-2.12070034636868,0,0
"405",0,2.21388208478914,-3.26917420765551
"406",2.09504391599624,-2.10476882661054,-2.10476882661054
"407",4.52236964903632,2.2820404859343,2.2820404859343
"408",0,2.39045721866879,2.39045721866879
"409",0,2.78012085067721,2.78012085067721
"410",0,-4.90661090744396,-4.90661090744396
"411",2.19856446213224,2.71227819903726,2.49722934457863
"412",-3.4204890800986,2.72501795067583,-2.26000613853934
"413",4.84682144900317,3.75045884344433,2.2820404859343
"414",-2.34936050513458,0,0
"415",2.16888494290298,2.5855200451516,2.5855200451516
"416",-3.09228708696833,0,0
"417",2.39045721866879,2.300831742694,-2.66618548391556
"418",0,2.51661147842358,-2.47679816456288
"419",-3.3593828748507,2.87689007466124,2.87689007466124
"420",0,0,0
"421",3.37778467051957,2.61101699849969,2.61101699849969
"422",0,2.22725860462418,-2.59239734945615
"423",0,-2.62374883916401,-2.62374883916401
"424",2.16888494290298,2.38498421129988,2.22725860462418
"425",-2.54958582863865,2.2820404859343,-2.16888494290298
"426",-2.15606546468913,-2.61664164276459,-2.61664164276459
"427",2.15307119220985,3.44245776501579,3.44245776501579
"428",-2.74693548622033,0,0
"429",0,-2.43825409136303,-2.43825409136303
"430",4.05979404783585,0,0
"431",0,2.2820404859343,2.25799302362937
"432",-2.10476882661054,2.78655413649195,-2.34211752171288
"433",0,2.36587185688938,2.36587185688938
"434",0,2.50153052477735,2.50153052477735
"435",0,-2.47679816456288,-2.47679816456288
"436",0,-2.15307119220985,-2.25819439102596
"437",-2.19856446213224,0,0
"438",2.23835351154791,3.07953495329996,2.96599182814585
"439",-2.53784908260946,-2.24061854851023,-2.24061854851023
"440",0,0,0
"441",0,-2.16888494290298,-2.16888494290298
"442",4.05072907350797,2.37802330742771,-2.10818510677892
"443",0,-2.37814981781333,-2.37814981781333
"444",-2.69016844026656,2.4648906473717,2.4648906473717
"445",0,3.44245776501579,-2.56660293882961
"446",-2.37207572226468,2.22330596879834,-2.65361388801511
"447",0,0,0
"448",2.83449686928711,2.47728700484881,2.47728700484881
"449",0,2.43825409136302,2.43825409136302
"450",-2.12070034636868,0,0
"451",0,2.54958582863865,2.54958582863865
"452",2.66618548391556,4.9133282925027,-2.50153052477735
"453",2.32249316630466,3.09245421522511,3.09245421522511
"454",0,0,0
"455",3.81211721669607,0,0
"456",-2.3323624036192,-2.50153052477735,-2.59239734945615
"457",-2.34200522045872,2.32249316630466,-2.63592133116835
"458",0,2.22330596879834,-2.56660293882961
"459",2.11285007371453,-2.12070034636868,-3.07953495329996
"460",-2.36168937857427,2.44172026007226,2.44172026007226
"461",0,0,0
"462",0,2.72501795067583,-2.76995313720608
"463",0,0,0
"464",0,2.56660293882961,2.56660293882961
"465",0,-3.34468472174142,-3.34468472174142
"466",0,-2.23916443449594,-2.23916443449594
"467",0,2.46867163118984,-2.71227819903726
"468",2.10840654316489,0,0
"469",-2.51661147842358,2.10840654316489,2.10840654316489
"470",-2.78012085067721,0,0
"471",-2.19016989785258,2.10467870398631,-2.22092957934888
"472",-2.72501795067583,0,0
"473",0,2.32249316630466,2.13576869920596
"474",0,0,0
"475",0,3.19855736712181,3.19855736712181
"476",-2.59239734945615,-2.13576869920596,-2.13576869920596
"477",2.19016989785258,2.5855200451516,2.5855200451516
"478",0,2.16888494290298,2.16888494290298
"479",5.65701092533845,0,0
"480",5.1433721308402,3.19855736712181,3.19855736712181
"481",-2.37814981781333,0,0
"482",-2.34675230410276,-3.15636746936407,-4.29078695732826
"483",2.66618548391556,2.45506897123473,2.45506897123473
"484",2.36168937857427,2.49722934457863,2.49722934457863
"485",0,0,0
"486",0,0,0
"487",-2.22330596879834,0,0
"488",-2.12070034636868,0,0
"489",0,-2.15606546468913,-2.21402777230681
"490",0,-2.10476882661054,-2.10476882661054
"491",-2.75040337640369,0,0
"492",0,0,0
"493",-2.10840654316489,2.22092957934888,-3.07953495329996
"494",2.34293620952907,-2.37207572226468,-2.37207572226468
"495",2.37802330742771,-2.22725860462418,-2.59239734945615
"496",0,0,0
"497",-3.44245776501579,2.43825409136302,2.43825409136302
"498",-4.77211165474888,-2.75040337640369,-2.75040337640369
"499",-2.92221249102399,-2.5855200451516,-2.5855200451516
"500",-2.95246116541819,2.91416128417596,-2.43825409136302
"501",0,3.1669683660287,-2.21402777230681
"502",0,0,0
"503",2.56660293882961,-2.67100906763234,-2.67100906763234
"504",2.82783185437766,0,0
"505",0,0,0
"506",3.4223279748036,2.24061854851023,2.24061854851023
"507",-2.23916443449594,0,0
"508",-2.22330596879834,0,0
"509",2.98730666615107,0,0
"510",-2.19016989785258,2.47679816456288,2.47679816456288
"511",0,-2.25799302362937,-2.37814981781333
"512",-2.99278537414169,0,0
"513",-2.16888494290298,-2.26000613853934,-2.66377157660819
"514",0,2.34211752171288,-2.34675230410276
"515",0,0,0
"516",3.21052631578947,2.52441494359652,2.52441494359652
"517",0,3.23876638156147,-2.61101699849969
"518",2.47728700484881,0,0
"519",0,0,0
"520",-2.62374883916401,0,0
"521",-2.45506897123472,0,0
"522",3.89945494465002,-2.5855200451516,-2.91416128417596
"523",-2.25799302362937,2.76217096349785,2.24061854851023
"524",2.54958582863865,-3.84176752028055,-3.84176752028055
"525",2.45506897123473,-2.50153052477735,-2.50153052477735
"526",-2.81861677368741,2.22725860462418,-2.12070034636868
"527",0,3.44245776501579,3.44245776501579
"528",0,0,0
"529",2.21388208478914,-2.36587185688938,-2.36587185688938
"530",-2.37802330742771,0,0
"531",2.22330596879834,0,0
"532",-2.68152842149629,2.56660293882961,-2.24061854851023
"533",0,0,0
"534",-2.25799302362937,-2.69016844026656,-2.69016844026656
"535",-2.44746787719492,2.44746787719492,-2.21402777230681
"536",-2.12070034636868,3.43410882883403,-2.5855200451516
"537",2.56660293882961,-3.4204890800986,-3.4204890800986
"538",-2.10840654316489,-2.37814981781333,-2.37814981781333
"539",2.56455124279533,-2.21388208478914,-2.34936050513458
"540",2.84234346485477,0,0
"541",0,2.44746787719492,2.44746787719492
"542",2.19856446213224,0,0
"543",0,3.00792603759119,3.00792603759119
"544",-2.55096052050341,0,0
"545",0,2.21995239561563,2.21995239561563
"546",-4.77051540798753,-2.43825409136302,-2.43825409136302
"547",-2.16888494290298,0,0
"548",-2.4772870048488,-2.81861677368741,-2.81861677368741
"549",0,0,0
"550",0,-2.39045721866879,-2.39045721866879
"551",-3.21052631578947,-2.38498421129988,-2.38498421129988
"552",3.35168402777188,-2.63592133116835,-2.63592133116835
"553",-2.300831742694,0,0
"554",0,-2.26000613853934,-2.26000613853934
"555",3.07437418830991,2.66618548391556,-2.90181717205162
"556",2.63592133116836,0,0
"557",0,2.13576869920596,2.13576869920596
"558",2.2820404859343,2.34936050513458,2.300831742694
"559",0,0,0
"560",3.30090423833185,-3.06312194490894,-3.06312194490894
"561",-4.52842223401434,2.6263358283586,-2.22330596879834
"562",-3.71983371095575,2.10840654316489,-2.20105009346544
"563",-2.10818510677892,2.56455124279533,2.10467870398631
"564",-2.37814981781333,2.39045721866879,2.39045721866879
"565",-2.300831742694,-2.15606546468913,-2.52441494359652
"566",-2.2820404859343,-2.43825409136303,-2.5855200451516
"567",0,0,0
"568",-2.10476882661054,2.25819439102596,2.25819439102596
"569",2.82583705660136,0,0
"570",0,3.31918477076358,2.48870112455863
"571",2.36587185688938,0,0
"572",-3.04885562982926,0,0
"573",3.55902608401044,0,0
"574",0,0,0
"575",2.16888494290298,2.25799302362937,-2.15606546468913
"576",0,-2.34936050513458,-2.34936050513458
"577",2.45506897123473,2.68152842149629,2.68152842149629
"578",0,2.36168937857427,2.36168937857427
"579",2.21995239561563,3.20925625510572,2.21388208478914
"580",0,2.66377157660819,-2.92221249102399
"581",-2.71720587189655,0,0
"582",0,-2.95561028958624,-2.95561028958624
"583",-2.26000613853934,2.10467870398631,2.10467870398631
"584",2.71720587189655,5.12326258448943,-3.4223279748036
"585",0,-2.83449686928711,-3.08417457717258
"586",0,0,0
"587",-2.61664164276459,-2.49722934457863,-2.49722934457863
"588",0,0,0
"589",-2.76995313720608,2.13576869920596,-3.09228708696833
"590",0,-2.19856446213224,-2.19856446213224
"591",-2.72501795067583,2.39045721866879,2.39045721866879
"592",2.37814981781333,0,0
"593",0,2.21402777230681,2.21402777230681
"594",0,2.34864408377644,2.34864408377644
"595",0,-2.24061854851023,-2.24061854851023
"596",-4.77437059069448,2.61664164276459,-2.63592133116835
"597",2.43825409136302,-2.37802330742771,-2.37802330742771
"598",2.22458843332556,2.71720587189655,2.71720587189655
"599",0,3.61268118332912,2.25819439102596
"600",-2.22725860462418,0,0
"601",2.300831742694,5.16099722980104,-2.56455124279533
"602",0,2.25799302362937,2.25799302362937
"603",3.31918477076358,0,0
"604",0,2.38498421129988,2.38498421129988
"605",-2.50153052477735,2.44172026007226,2.44172026007226
"606",2.72501795067583,0,0
"607",0,2.19856446213224,2.19856446213224
"608",-2.69016844026656,2.34864408377644,2.34864408377644
"609",-3.27820169221505,0,0
"610",2.10467870398631,0,0
"611",0,-2.40172387489727,-2.40172387489727
"612",-2.36587185688938,0,0
"613",0,5.32442854775466,-2.89609864945713
"614",4.49783428501441,0,0
"615",-2.22458843332556,0,0
"616",-3.70897199874126,-2.87689007466124,-2.87689007466124
"617",0,2.21388208478914,-2.21995239561563
"618",-2.09504391599624,-2.300831742694,-2.300831742694
"619",-4.82954242572525,-2.21388208478914,-2.25819439102596
"620",0,-2.72501795067583,-2.72501795067583
"621",-2.19856446213224,0,0
"622",-2.21995239561563,0,0
"623",2.4648906473717,2.39045721866879,-2.48376918359666
"624",-2.49722934457863,2.78012085067721,-2.34936050513458
"625",-2.26000613853934,-2.19016989785258,-2.19016989785258
"626",0,2.50153052477735,-2.15606546468913
"627",0,2.65361388801511,-2.66618548391556
"628",0,-2.37802330742771,-2.37802330742771
"629",0,0,0
"630",2.89289807700342,0,0
"631",0,2.90181717205162,2.21995239561563
"632",2.36168937857427,0,0
"633",2.49722934457863,-2.49722934457863,-2.49722934457863
"634",0,2.68152842149629,-2.43825409136302
"635",-2.24061854851023,5.63563999721854,-2.12070034636868
"636",0,5.16414509715394,-2.63592133116835
"637",2.91416128417596,2.22458843332556,2.22458843332556
"638",0,0,0
"639",0,2.97274440581857,-3.74203033166747
"640",5.60368926426305,-2.20105009346544,-2.20105009346544
"641",3.30157514019816,-2.82783185437766,-2.82783185437766
"642",3.30090423833185,-3.30090423833185,-3.30090423833185
"643",0,0,0
"644",4.91554109621183,-2.10467870398631,-2.10467870398631
"645",2.34211752171288,3.26724208774327,-2.5855200451516
"646",0,0,0
"647",0,2.86331335445994,2.86331335445994
"648",0,0,0
"649",0,3.95523382922864,3.95523382922864
"650",-2.86331335445994,0,0
"651",0,2.36587185688938,-2.45506897123473
"652",2.3323624036192,3.8564497238838,2.56455124279533
"653",-2.76217096349785,0,0
"654",0,0,0
"655",0,0,0
"656",2.66377157660819,2.10467870398631,2.10467870398631
"657",0,2.65361388801511,-2.22092957934888
"658",-2.19016989785258,0,0
"659",2.82583705660136,-2.15307119220985,-2.15307119220985
"660",2.37207572226468,3.07953495329996,3.07953495329996
"661",-3.20925625510572,-2.10467870398631,-2.10467870398631
"662",0,2.71669235201072,2.71669235201072
"663",2.11285007371453,-2.09504391599624,-2.09504391599624
"664",2.24061854851023,2.95246116541819,2.95246116541819
"665",4.21295393338946,2.37207572226468,2.37207572226468
"666",-3.90880679368949,2.78655413649195,-3.27820169221505
"667",0,-2.63592133116835,-2.87689007466124
"668",-3.44245776501579,-2.68152842149629,-4.9570601574984
"669",2.10840654316489,2.98730666615107,-2.84234346485477
"670",2.74693548622033,4.71033346235071,-2.36587185688938
"671",0,-2.36168937857427,-2.36168937857427
"672",0,2.78012085067721,-2.22330596879834
"673",0,-3.20645992979567,-4.55983779784526
"674",3.4204890800986,-2.67100906763234,-2.67100906763234
"675",3.09245421522511,0,0
"676",2.78012085067721,2.22725860462418,-2.300831742694
"677",-2.10818510677892,0,0
"678",0,-3.21052631578947,-3.21052631578947
"679",-2.44172026007226,-2.99278537414169,-2.99278537414169
"680",0,0,0
"681",0,-2.23916443449594,-2.23916443449594
"682",0,0,0
"683",0,2.21995239561563,2.21995239561563
"684",2.19016989785258,-2.52441494359652,-2.52441494359652
"685",-2.34200522045872,2.87642553948435,2.87642553948435
"686",3.35168402777188,2.21402777230681,2.21402777230681
"687",0,3.55902608401044,3.55902608401044
"688",-2.55096052050341,0,0
"689",0,2.69016844026656,-2.39045721866879
"690",-2.10840654316489,-2.69016844026656,-2.71227819903726
"691",2.25799302362937,0,0
"692",0,2.32249316630466,2.32249316630466
"693",3.682947537517,0,0
"694",2.44172026007226,0,0
"695",0,3.81221356749159,3.81221356749159
"696",2.10476882661054,2.16888494290298,2.10818510677892
"697",0,0,0
"698",0,0,0
"699",2.52138231015314,0,0
"700",0,4.57368197137102,4.57368197137102
"701",0,0,0
"702",2.84234346485476,0,0
"703",0,-3.04885562982926,-3.04885562982926
"704",0,0,0
"705",0,0,0
"706",-2.16888494290298,0,0
"707",-2.52138231015314,2.48870112455863,2.48870112455863
"708",2.46867163118984,3.08512832757664,-2.67100906763234
"709",0,3.06312194490894,2.10467870398631
"710",0,0,0
"711",0,0,0
"712",-2.79660599332023,-2.36587185688938,-2.36587185688938
"713",0,2.36587185688938,2.36587185688938
"714",0,0,0
"715",0,2.19016989785258,2.19016989785258
"716",0,-2.21995239561563,-2.25799302362937
"717",2.34864408377644,-2.12070034636868,-2.12070034636868
"718",-2.76995313720608,-2.71669235201072,-2.84234346485477
"719",2.76995313720608,-3.17920717521954,-3.17920717521954
"720",-2.79660599332023,3.55491479287324,-3.14153751378685
"721",-2.13576869920596,0,0
"722",0,-2.61664164276459,-2.61664164276459
"723",2.52441494359652,0,0
"724",7.90547209277249,2.36168937857427,2.36168937857427
"725",0,2.75040337640369,2.75040337640369
"726",0,2.82583705660136,-2.37802330742771
"727",0,3.76934538106684,2.25799302362937
"728",0,3.682947537517,-2.22330596879834
"729",0,0,0
"730",-2.49722934457863,0,0
"731",-2.52441494359652,2.300831742694,2.300831742694
"732",2.49722934457863,0,0
"733",-3.30157514019816,2.52441494359652,2.52441494359652
"734",4.62615113676368,-2.44172026007226,-2.44172026007226
"735",0,0,0
"736",0,2.22458843332556,2.22458843332556
"737",0,0,0
"738",3.21052631578947,2.36587185688938,-2.12070034636868
"739",0,2.71720587189655,2.71720587189655
"740",-2.34864408377644,-2.34211752171288,-3.55491479287324
"741",2.87642553948435,2.56660293882961,-3.35168402777188
"742",2.300831742694,-2.61664164276459,-2.82783185437766
"743",-3.03868286007933,2.37802330742771,-2.22092957934888
"744",2.55096052050341,0,0
"745",-2.52441494359652,0,0
"746",4.72448794920281,-3.15636746936407,-3.15636746936407
"747",2.50153052477735,0,0
"748",-5.53626279734957,-2.09504391599624,-2.09504391599624
"749",0,0,0
"750",3.70805312835941,0,0
"751",-2.84234346485476,0,0
"752",-2.62374883916401,2.21388208478914,-2.37814981781333
"753",0,-2.78655413649195,-2.78655413649195
"754",0,2.66618548391556,2.53784908260946
"755",0,0,0
"756",0,2.32249316630466,2.32249316630466
"757",2.44172026007226,0,0
"758",2.76171656489186,3.08417457717258,-2.11285007371453
"759",2.48870112455863,-2.23835351154791,-2.23835351154791
"760",-2.34675230410276,-2.34675230410276,-2.34675230410276
"761",2.78012085067721,0,0
"762",0,-2.11285007371453,-2.11285007371453
"763",0,0,0
"764",0,0,0
"765",0,0,0
"766",-3.55412239452714,2.23916443449594,-2.20105009346544
"767",0,4.10319361933436,-2.43825409136302
"768",0,0,0
"769",0,2.43825409136302,2.43825409136302
"770",0,0,0
"771",0,0,0
"772",0,3.15959662733356,-3.23876638156147
"773",0,0,0
"774",0,0,0
"775",0,0,0
"776",0,2.34864408377644,2.34864408377644
"777",2.67100906763234,0,0
"778",2.52138231015314,3.4204890800986,3.4204890800986
"779",0,2.62068133510099,2.62068133510099
"780",3.07437418830991,-2.92221249102399,-2.92221249102399
"781",0,0,0
"782",-2.21402777230681,-2.10818510677892,-2.10818510677892
"783",2.21995239561563,-2.32249316630466,-2.32249316630466
"784",0,0,0
"785",4.57368197137102,2.92221249102399,-2.62374883916401
"786",-2.5855200451516,2.44172026007226,2.44172026007226
"787",-2.34675230410276,2.43825409136302,2.43825409136302
"788",2.38498421129987,0,0
"789",0,-2.22330596879834,-2.22330596879834
"790",0,-2.22092957934888,-2.22092957934888
"791",0,0,0
"792",-3.51447362767382,2.3323624036192,-2.71669235201072
"793",0,3.63064344376009,2.83449686928711
"794",0,0,0
"795",2.37802330742771,0,0
"796",0,-2.11285007371453,-2.32249316630466
"797",-2.47679816456288,-2.51661147842358,-2.74693548622033
"798",2.32249316630466,2.39045721866879,2.39045721866879
"799",0,2.49722934457863,-2.47679816456288
"800",0,-2.89609864945713,-2.89609864945713
"801",-2.48376918359666,2.55096052050341,2.55096052050341
"802",0,0,0
"803",2.22330596879834,2.32249316630466,-2.25799302362937
"804",-2.15307119220985,5.00574815071795,-2.23916443449594
"805",2.66377157660819,2.55096052050341,2.55096052050341
"806",0,0,0
"807",-2.300831742694,3.21052631578947,-2.11285007371453
"808",-2.10476882661054,0,0
"809",0,2.19016989785258,2.19016989785258
"810",0,2.36168937857427,-2.6263358283586
"811",2.15606546468913,-3.09245421522511,-3.09245421522511
"812",3.89945494465002,2.79660599332023,2.79660599332023
"813",2.10840654316489,2.74693548622034,2.10467870398631
"814",0,2.21402777230681,2.21402777230681
"815",0,0,0
"816",2.40172387489727,2.34211752171288,2.34211752171288
"817",0,-2.15606546468913,-2.19856446213224
"818",2.13576869920596,-2.50153052477735,-2.50153052477735
"819",5.01468431942923,2.20105009346544,-3.14153751378685
"820",-2.78655413649195,2.81861677368741,2.20105009346544
"821",-3.30157514019816,-2.25799302362937,-2.25799302362937
"822",-2.72501795067583,-2.10840654316489,-2.10840654316489
"823",3.08417457717258,-3.19855736712181,-3.19855736712181
"824",0,3.44867422950724,-2.300831742694
"825",2.78012085067721,-2.34211752171288,-2.48376918359667
"826",0,2.12070034636868,-2.66377157660819
"827",-2.39045721866879,2.49722934457863,2.49722934457863
"828",-2.44172026007226,3.55491479287324,3.55491479287324
"829",-3.76934538106684,2.24061854851023,2.24061854851023
"830",-2.52441494359652,0,0
"831",-2.92221249102399,2.50153052477735,2.50153052477735
"832",0,-2.2820404859343,-2.2820404859343
"833",0,2.22330596879834,-2.61617667665206
"834",3.41087349091321,0,0
"835",-3.08417457717258,2.83449686928711,2.83449686928711
"836",0,0,0
"837",-3.84176752028055,2.22330596879834,2.22330596879834
"838",2.82583705660136,2.19856446213224,2.19856446213224
"839",0,0,0
"840",-2.62068133510099,0,0
"841",-2.89289807700342,3.0523211362696,2.66377157660819
"842",2.69016844026656,-3.81221356749159,-3.81221356749159
"843",0,0,0
"844",2.63592133116836,2.09504391599624,-2.15307119220985
"845",0,-2.49722934457863,-2.66377157660819
"846",2.16888494290298,0,0
"847",2.68152842149629,2.40172387489727,2.40172387489727
"848",0,2.86331335445994,2.86331335445994
"849",0,-2.34864408377644,-2.34936050513458
"850",0,0,0
"851",-2.10476882661054,0,0
"852",2.16888494290298,0,0
"853",0,0,0
"854",0,0,0
"855",-3.25409463221557,0,0
"856",-2.65361388801511,-3.08512832757664,-3.08512832757664
"857",3.55902608401044,-2.12070034636868,-2.12070034636868
"858",0,-2.6263358283586,-2.6263358283586
"859",3.34468472174142,2.25799302362937,2.25799302362937
"860",3.37920284718549,3.01491309935755,3.01491309935755
"861",0,3.20645992979567,-2.63592133116835
"862",0,-2.19016989785258,-2.19016989785258
"863",-2.46867163118984,2.97274440581857,2.12070034636868
"864",2.59239734945615,0,0
"865",-2.23916443449594,0,0
"866",0,0,0
"867",-3.10349896840578,2.34936050513458,-2.86331335445994
"868",2.34675230410276,2.38498421129988,2.38498421129988
"869",-2.20105009346544,-5.27173719263924,-5.27173719263924
"870",6.97719515253039,2.82583705660136,2.82583705660136
"871",-2.62068133510099,2.68152842149629,2.68152842149629
"872",-2.22458843332556,2.54958582863865,-4.55983779784526
"873",-2.84234346485476,-2.34675230410276,-2.36587185688938
"874",0,2.10840654316489,2.10840654316489
"875",2.24061854851023,0,0
"876",2.19856446213224,0,0
"877",2.34936050513458,-4.17545888841442,-4.17545888841442
"878",0,0,0
"879",4.4845945718649,-2.43825409136302,-2.43825409136302
"880",2.5855200451516,0,0
"881",-3.3593828748507,2.56455124279533,-2.5855200451516
"882",0,2.32249316630466,2.32249316630466
"883",0,2.53784908260946,-2.15307119220985
"884",0,-2.61617667665206,-2.95561028958624
"885",-2.300831742694,-2.37802330742771,-2.37802330742771
"886",-2.61101699849969,2.40172387489727,2.40172387489727
"887",-2.2820404859343,-2.21995239561563,-4.23264520733749
"888",-2.95561028958624,2.23835351154791,2.23835351154791
"889",2.22725860462418,2.79660599332023,-2.15606546468913
"890",-2.44172026007226,2.19856446213224,2.19856446213224
"891",2.23916443449594,2.49722934457863,2.49722934457863
"892",0,-2.2820404859343,-2.2820404859343
"893",3.10349896840578,-2.89663786982514,-2.89663786982514
"894",0,0,0
"895",2.40172387489727,0,0
"896",0,2.10818510677892,-3.14153751378685
"897",0,2.81861677368741,-2.61617667665206
"898",-3.20925625510572,-2.86331335445994,-2.86331335445994
"899",2.71720587189655,2.13576869920596,-2.32249316630466
"900",0,0,0
"901",0,0,0
"902",-3.19855736712181,-2.21402777230681,-2.21402777230681
"903",0,0,0
"904",0,0,0
"905",-2.22330596879834,0,0
"906",-2.6263358283586,-2.09504391599624,-2.5855200451516
"907",2.40172387489727,2.10467870398631,2.10467870398631
"908",-2.66618548391556,2.34211752171288,2.09504391599624
"909",4.52265903444453,0,0
"910",-2.23835351154791,2.83449686928711,-2.34936050513458
"911",2.53784908260946,0,0
"912",0,-2.92221249102399,-2.92221249102399
"913",0,0,0
"914",0,-6.11305704838924,-6.11305704838924
"915",4,0,0
"916",-3.20645992979567,4.9830109743052,4.9830109743052
"917",0,2.19856446213224,2.19856446213224
"918",0,0,0
"919",-3.19855736712181,0,0
"920",0,-2.75040337640369,-2.75040337640369
"921",0,0,0
"922",7.56831243095217,3.08512832757664,3.08512832757664
"923",-2.12070034636868,-2.47679816456288,-2.47679816456288
"924",-2.34936050513458,-2.16888494290298,-2.16888494290298
"925",0,2.84234346485477,-2.15307119220985
"926",0,0,0
"927",-2.75817778114508,2.48870112455863,-2.10467870398631
"928",2.89609864945713,-2.21995239561563,-2.21995239561563
"929",0,-3.10165329535023,-3.10165329535023
"930",-2.68152842149629,2.34864408377644,-4.7657223900657
"931",5.40666774347724,-2.3323624036192,-2.3323624036192
"932",-2.91416128417596,-2.26000613853934,-2.26000613853934
"933",2.10476882661054,2.66377157660819,2.66377157660819
"934",2.52441494359652,3.31918477076358,-2.84234346485476
"935",3.2691742076555,-2.44746787719492,-2.44746787719492
"936",4.77437059069448,2.34211752171288,-2.40172387489727
"937",3.31918477076358,2.82583705660136,-2.10818510677892
"938",-2.10476882661054,-3.2433656395008,-3.2433656395008
"939",-2.89609864945713,-2.300831742694,-2.300831742694
"940",0,-2.37802330742771,-3.20925625510572
"941",-2.67100906763234,-2.300831742694,-2.300831742694
"942",2.69016844026656,2.300831742694,-2.09504391599624
"943",-2.44172026007226,2.5855200451516,-2.37207572226468
"944",0,-2.82783185437766,-2.82783185437766
"945",0,0,0
"946",-2.50153052477735,2.61617667665206,2.61617667665206
"947",0,2.52138231015314,2.52138231015314
"948",-2.2820404859343,2.11285007371453,-2.16888494290298
"949",2.74693548622033,-2.34864408377644,-2.34864408377644
"950",0,0,0
"951",0,2.82583705660136,-3.06312194490894
"952",-3.23876638156147,-2.34200522045872,-2.34200522045872
"953",2.87642553948435,0,0
"954",-2.61101699849969,0,0
"955",-2.46867163118984,0,0
"956",0,-2.300831742694,-2.82783185437766
"957",-3.57711230439641,0,0
"958",0,-3.27820169221505,-3.27820169221505
"959",0,3.14153751378685,3.14153751378685
"960",-2.6263358283586,0,0
"961",2.23916443449594,-3.20954900558896,-3.20954900558896
"962",0,-2.21995239561563,-2.21995239561563
"963",-2.66377157660819,0,0
"964",-2.15307119220985,0,0
"965",-3.60908516811507,0,0
"966",0,2.59239734945614,2.59239734945614
"967",-2.39045721866879,2.19016989785258,-6.67283751986043
"968",-2.67100906763234,0,0
"969",-2.19856446213224,2.54958582863865,-3.23876638156147
"970",2.74693548622033,-2.20105009346544,-2.20105009346544
"971",2.47728700484881,-2.22725860462418,-2.22725860462418
"972",-3.78413611197513,0,0
"973",0,0,0
"974",0,-2.37814981781333,-2.44172026007226
"975",-3.39267490830831,-3.20954900558896,-3.20954900558896
"976",0,0,0
"977",2.37802330742771,2.44746787719492,2.44746787719492
"978",0,2.96599182814585,2.96599182814585
"979",-2.89289807700342,-2.56660293882961,-2.56660293882961
"980",-2.62068133510099,-2.82783185437766,-2.82783185437766
"981",-2.87689007466124,2.55096052050341,2.25819439102596
"982",-2.61664164276459,0,0
"983",2.52138231015314,2.26000613853934,2.26000613853934
"984",0,4.06760742692513,4.06760742692513
"985",0,-2.37814981781333,-2.37814981781333
"986",-2.54958582863865,-2.52138231015314,-2.52138231015314
"987",0,2.21995239561563,-2.15606546468913
"988",-2.52441494359652,0,0
"989",2.96599182814585,2.2820404859343,-2.4772870048488
"990",0,2.46867163118984,2.46867163118984
"991",0,0,0
"992",0,0,0
"993",0,3.17920717521954,-3.55491479287324
"994",0,5.48138241188628,5.48138241188628
"995",0,0,0
"996",0,2.87689007466124,-2.50153052477735
"997",2.86331335445994,-2.4648906473717,-2.56660293882961
"998",3.04885562982926,2.21388208478914,2.21388208478914
"999",0,0,0
"1000",3.4223279748036,2.34864408377644,-2.56660293882961
"1001",0,-2.52138231015314,-2.52138231015314
"1002",0,0,0
"1003",3.30846579942213,2.44746787719492,2.300831742694
"1004",0,0,0
"1005",3.27820169221505,0,0
"1006",-3.37778467051957,3.55902608401044,3.55902608401044
"1007",0,2.89663786982514,-2.16888494290298
"1008",-2.34675230410276,3.35168402777188,3.35168402777188
"1009",2.61101699849969,2.21388208478914,-2.4772870048488
"1010",-2.52138231015314,2.79660599332023,2.79660599332023
"1011",2.62374883916401,3.61268118332912,-2.43825409136302
"1012",-2.76171656489186,0,0
"1013",8.06551124493427,0,0
"1014",2.52441494359652,0,0
"1015",2.92221249102399,2.52441494359652,-2.47679816456288
"1016",0,2.53784908260946,2.53784908260946
"1017",-3.30157514019816,2.47679816456288,-2.71227819903726
"1018",0,-2.34936050513458,-2.34936050513458
"1019",2.12070034636868,2.3323624036192,-2.13576869920596
"1020",2.63592133116836,2.15606546468913,-3.43410882883403
"1021",2.96599182814585,2.22725860462418,2.22725860462418
"1022",2.34211752171288,-3.20645992979567,-3.20645992979567
"1023",-2.3323624036192,2.34293620952907,-2.84234346485477
"1024",0,0,0
"1025",-2.82783185437766,0,0
"1026",-2.96599182814585,2.43825409136302,2.43825409136302
"1027",-4.54068198384512,0,0
"1028",-2.71227819903726,0,0
"1029",0,-2.10476882661054,-3.30090423833185
"1030",2.23916443449594,2.83449686928711,2.83449686928711
"1031",2.96599182814585,0,0
"1032",0,2.19016989785258,-2.56455124279533
"1033",2.76995313720608,3.20954900558896,-2.10476882661054
"1034",2.71227819903726,2.75040337640369,2.75040337640369
"1035",2.61617667665206,3.03868286007934,3.03868286007934
"1036",0,2.25819439102596,2.25819439102596
"1037",0,0,0
"1038",0,2.22330596879834,2.22330596879834
"1039",2.36168937857427,2.34293620952907,2.34293620952907
"1040",0,2.40172387489727,-2.15307119220985
"1041",-2.82583705660136,0,0
"1042",-4.52265903444453,2.56660293882961,2.56660293882961
"1043",5.3088617683686,2.82783185437766,2.82783185437766
"1044",2.34864408377644,0,0
"1045",2.6263358283586,2.20105009346544,-3.07437418830991
"1046",2.25799302362937,2.92221249102399,2.47728700484881
"1047",2.19016989785258,3.96816080967197,3.96816080967197
"1048",0,2.48376918359667,2.48376918359667
"1049",-2.15307119220985,2.92313624008529,2.92313624008529
"1050",6.43691702249274,2.21388208478914,2.21388208478914
"1051",2.61664164276459,0,0
"1052",0,-2.19856446213224,-2.19856446213224
"1053",3.21052631578947,0,0
"1054",-2.46867163118984,3.30157514019816,-3.37778467051957
"1055",-3.30157514019816,0,0
"1056",2.74693548622033,2.89663786982514,2.89663786982514
"1057",2.76995313720608,2.47728700484881,-2.47679816456288
"1058",2.16888494290298,0,0
"1059",0,0,0
"1060",-2.25799302362937,2.4648906473717,-2.12070034636868
"1061",0,0,0
"1062",0,-2.2820404859343,-2.2820404859343
"1063",0,3.30090423833185,2.23835351154791
"1064",0,3.04885562982926,2.37814981781333
"1065",-4.54975177092885,2.19016989785258,-2.89289807700341
"1066",5.4793768353944,2.21402777230681,2.10467870398631
"1067",0,3.20645992979567,3.20645992979567
"1068",-2.24061854851023,2.44746787719492,2.09504391599624
"1069",-2.43825409136302,3.71983371095575,3.71983371095575
"1070",0,2.61664164276459,-2.91416128417596
"1071",2.300831742694,0,0
"1072",-3.43410882883403,-2.54958582863865,-2.61664164276459
"1073",2.43825409136302,-2.95561028958624,-2.95561028958624
"1074",-2.79660599332023,2.38498421129988,2.38498421129988
"1075",2.83449686928711,-2.15606546468913,-2.15606546468913
"1076",-2.62068133510099,0,0
"1077",0,6.02391673138214,-2.23916443449594
"1078",0,0,0
"1079",2.59239734945614,3.20645992979567,2.12070034636868
"1080",3.08512832757664,-2.25819439102596,-2.25819439102596
"1081",0,2.21388208478914,2.21388208478914
"1082",-2.54958582863865,0,0
"1083",2.49722934457863,2.54958582863865,2.54958582863865
"1084",3.21052631578947,0,0
"1085",-2.34864408377644,0,0
"1086",-2.81861677368741,3.09228708696833,3.09228708696833
"1087",2.92221249102399,0,0
"1088",0,0,0
"1089",-2.10840654316489,0,0
"1090",0,2.3323624036192,2.22458843332556
"1091",0,-2.19016989785258,-3.89945494465002
"1092",-2.61664164276459,-2.96599182814585,-2.96599182814585
"1093",2.22330596879834,2.25819439102596,-2.34200522045872
"1094",0,-2.82783185437766,-3.08512832757664
"1095",-2.2820404859343,3.55491479287324,-2.15307119220985
"1096",0,0,0
"1097",0,2.10476882661054,2.10476882661054
"1098",0,2.32249316630466,-3.17920717521954
"1099",2.10467870398631,2.52441494359652,-4.23264520733749
"1100",0,4.64999599865965,4.64999599865965
"1101",2.32249316630466,-3.20925625510572,-3.20925625510572
"1102",-2.61617667665206,2.32249316630466,2.32249316630466
"1103",-2.81861677368741,2.62068133510099,2.62068133510099
"1104",0,0,0
"1105",-2.22725860462418,3.44245776501579,3.44245776501579
"1106",2.71227819903726,2.26000613853934,2.26000613853934
"1107",-3.51447362767382,2.74693548622033,2.74693548622033
"1108",2.69016844026656,-2.34675230410276,-2.34675230410276
"1109",2.89289807700342,-3.01491309935755,-3.01491309935755
"1110",-4.87276339944226,0,0
"1111",2.36168937857427,0,0
"1112",-2.15307119220985,-2.16888494290298,-2.16888494290298
"1113",3.31918477076358,3.75928602329733,3.75928602329733
"1114",0,0,0
"1115",3.75928602329733,-2.61101699849969,-2.61101699849969
"1116",2.23916443449594,2.36587185688938,2.36587185688938
"1117",6.89224031879172,0,0
"1118",0,-2.37207572226468,-2.37207572226468
"1119",0,3.06312194490894,-2.2820404859343
"1120",0,-2.26000613853934,-2.26000613853934
"1121",3.30846579942213,-2.87642553948435,-2.87642553948435
"1122",0,-3.83049603173929,-3.83049603173929
"1123",0,2.23835351154791,2.23835351154791
"1124",-2.15307119220985,2.78655413649195,2.78655413649195
"1125",2.40172387489727,0,0
"1126",0,2.99278537414169,-3.09228708696833
"1127",-2.71720587189655,-2.78655413649195,-2.78655413649195
"1128",2.51661147842358,2.15606546468913,2.15606546468913
"1129",-2.23916443449594,0,0
"1130",-3.72654278228704,0,0
"1131",-2.36587185688938,0,0
"1132",6.62549914570021,-2.300831742694,-2.300831742694
"1133",0,0,0
"1134",0,2.26000613853934,2.26000613853934
"1135",0,2.89289807700342,-2.21388208478914
"1136",0,0,0
"1137",0,0,0
"1138",2.22330596879834,-2.10476882661054,-2.10476882661054
"1139",2.71227819903726,0,0
"1140",2.21402777230681,5.78665238734716,-2.10818510677892
"1141",-2.95246116541818,0,0
"1142",0,2.16888494290298,2.16888494290298
"1143",-2.300831742694,2.25799302362937,-2.36168937857427
"1144",-2.300831742694,2.56455124279533,2.56455124279533
"1145",-2.300831742694,2.63592133116836,-2.10467870398631
"1146",-2.21995239561563,-2.36168937857427,-3.1669683660287
"1147",-2.37207572226468,0,0
"1148",-2.95561028958624,5.09716201489227,-2.47728700484881
"1149",3.01491309935755,2.38498421129988,-3.03868286007933
"1150",2.21995239561563,-2.47679816456288,-2.47679816456288
"1151",0,0,0
"1152",2.90181717205162,0,0
"1153",3.26724208774327,-2.34293620952907,-2.36587185688938
"1154",0,-2.26000613853934,-2.26000613853934
"1155",0,2.19016989785258,-2.98730666615107
"1156",-2.34293620952907,0,0
"1157",0,0,0
"1158",0,3.54849328173635,2.83449686928711
"1159",-2.76995313720608,-3.52626643545578,-3.52626643545578
"1160",0,0,0
"1161",0,0,0
"1162",0,-3.09228708696833,-4.03437054705295
"1163",-2.49722934457863,-2.21995239561563,-2.21995239561563
"1164",0,2.37814981781333,-3.55491479287324
"1165",0,2.44172026007226,-4.32591814984935
"1166",0,2.22458843332556,2.22458843332556
"1167",-2.98730666615107,0,0
"1168",0,5.19396380113415,-2.12070034636868
"1169",-2.40172387489727,5.68438345452184,5.68438345452184
"1170",0,0,0
"1171",0,0,0
"1172",-2.21995239561563,2.92221249102399,-3.34468472174142
"1173",0,2.6263358283586,-2.87642553948435
"1174",0,-2.37207572226468,-2.37207572226468
"1175",2.16888494290298,-2.34293620952907,-2.34293620952907
"1176",-3.01491309935755,2.72501795067583,2.72501795067583
"1177",2.68152842149629,0,0
"1178",2.3323624036192,2.25799302362937,2.25799302362937
"1179",-2.61617667665206,-2.37814981781333,-2.37814981781333
"1180",2.23916443449594,3.37778467051957,3.37778467051957
"1181",0,0,0
"1182",2.10840654316489,2.71669235201072,-2.68152842149629
"1183",-3.44867422950725,-2.21388208478914,-2.21388208478914
"1184",2.21995239561563,3.17920717521954,3.17920717521954
"1185",0,0,0
"1186",0,2.45506897123472,2.45506897123472
"1187",2.09504391599624,2.19856446213224,2.19856446213224
"1188",2.8344968692871,-3.37778467051957,-3.37778467051957
"1189",-2.48870112455863,0,0
"1190",-2.10840654316489,0,0
"1191",0,2.56455124279533,2.56455124279533
"1192",2.26000613853934,0,0
"1193",2.68152842149629,2.50153052477735,-2.21402777230681
"1194",2.55096052050341,2.51661147842358,2.51661147842358
"1195",-2.43825409136302,3.63027233961209,3.63027233961209
"1196",3.55491479287324,0,0
"1197",2.76217096349785,2.36587185688938,-2.63592133116835
"1198",-2.62068133510099,2.6263358283586,-2.34936050513458
"1199",-2.62374883916401,2.82583705660136,2.82583705660136
"1200",0,-2.12070034636868,-2.2820404859343
"1201",3.41087349091321,-2.37207572226468,-2.40172387489727
"1202",-2.89289807700342,3.63422915493662,2.89663786982514
"1203",-2.45506897123473,2.71669235201072,-2.36587185688938
"1204",2.63592133116836,0,0
"1205",-2.10840654316489,0,0
"1206",2.86331335445994,-2.6263358283586,-2.6263358283586
"1207",-2.53784908260946,2.98730666615107,2.10476882661054
"1208",0,0,0
"1209",-3.55902608401044,3.03868286007933,2.52441494359652
"1210",0,0,0
"1211",0,-2.37207572226468,-2.6263358283586
"1212",-3.0523211362696,0,0
"1213",3.26917420765551,0,0
"1214",-3.14153751378685,0,0
"1215",0,4.64283696315272,-2.48376918359667
"1216",2.52441494359652,0,0
"1217",5.13968069882218,0,0
"1218",-2.61664164276459,0,0
"1219",2.34675230410276,2.21388208478914,-2.56455124279533
"1220",0,2.09504391599624,2.09504391599624
"1221",-3.41087349091321,4.26147773537473,4.26147773537473
"1222",-2.63592133116836,3.1669683660287,3.1669683660287
"1223",-2.82583705660136,3.03868286007933,3.03868286007933
"1224",-2.61101699849969,-2.37207572226468,-2.44172026007226
"1225",2.68152842149629,0,0
"1226",0,2.6263358283586,-4.62615113676368
"1227",0,0,0
"1228",0,0,0
"1229",0,-3.19855736712181,-3.19855736712181
"1230",-3.07437418830991,-2.32249316630466,-2.32249316630466
"1231",3.54966478474501,-3.15636746936407,-3.15636746936407
"1232",0,2.82583705660136,-2.21402777230681
"1233",0,2.82783185437766,-2.09504391599624
"1234",3.10349896840578,0,0
"1235",0,2.61101699849969,-2.53784908260946
"1236",2.10840654316489,-2.10476882661054,-2.21995239561563
"1237",0,2.32249316630466,-2.40172387489727
"1238",-2.50153052477735,-2.34864408377644,-2.34864408377644
"1239",-2.56455124279533,0,0
"1240",-2.56660293882961,-3.01491309935755,-3.01491309935755
"1241",0,3.21052631578947,2.25819439102596
"1242",0,-2.49722934457863,-2.49722934457863
"1243",0,0,0
"1244",0,-2.89289807700341,-2.89289807700341
"1245",0,2.48870112455863,2.48870112455863
"1246",0,0,0
"1247",-2.23916443449594,0,0
"1248",-2.24061854851023,2.34200522045872,-2.09504391599624
"1249",0,2.66377157660819,2.66377157660819
"1250",-2.69016844026656,2.21388208478914,2.21388208478914
"1251",3.82936914345605,4.0425563576482,4.0425563576482
"1252",2.37814981781333,0,0
"1253",-2.59239734945614,-2.95246116541818,-2.95246116541818
"1254",0,0,0
"1255",-2.25799302362937,-2.34200522045872,-2.34200522045872
"1256",2.74693548622033,0,0
"1257",-2.19016989785258,2.2820404859343,-2.97274440581857
"1258",3.07437418830991,3.70805312835941,-2.48376918359667
"1259",2.10840654316489,-2.37207572226468,-2.37207572226468
"1260",2.72501795067583,2.09504391599624,-2.62068133510099
"1261",2.89663786982514,2.86331335445994,-2.61617667665206
"1262",0,0,0
"1263",0,-2.16888494290298,-2.16888494290298
"1264",-6.10303909925918,2.76217096349785,2.76217096349785
"1265",4.78689817513946,0,0
"1266",0,0,0
"1267",0,2.25799302362937,-2.67100906763234
"1268",-3.70805312835941,2.45506897123472,-2.62374883916401
"1269",2.89609864945713,2.36587185688938,-3.3593828748507
"1270",-2.65361388801511,2.55096052050341,2.55096052050341
"1271",-4.06760742692513,0,0
"1272",4.8989532194759,2.20105009346544,2.13576869920596
"1273",0,-2.36587185688938,-2.36587185688938
"1274",2.16888494290298,-2.19016989785258,-2.19016989785258
"1275",0,2.66377157660819,2.66377157660819
"1276",2.84234346485476,-2.3323624036192,-2.3323624036192
"1277",0,-3.43410882883403,-3.43410882883403
"1278",2.23916443449594,-2.34675230410276,-5.01464724717235
"1279",-2.15606546468913,-2.75817778114508,-2.75817778114508
"1280",0,-2.34936050513458,-2.34936050513458
"1281",-5.3002357984517,0,0
"1282",-2.6263358283586,0,0
"1283",2.63592133116836,0,0
"1284",2.78655413649195,0,0
"1285",-2.52138231015314,2.66377157660819,2.66377157660819
"1286",2.16888494290298,-3.41087349091321,-3.41087349091321
"1287",-2.22092957934888,-3.15959662733356,-3.15959662733356
"1288",3.39267490830831,2.61101699849969,2.61101699849969
"1289",0,2.13576869920596,2.13576869920596
"1290",0,0,0
"1291",-2.34864408377644,2.16888494290298,2.16888494290298
"1292",0,0,0
"1293",-2.48376918359667,0,0
"1294",0,-2.62374883916401,-2.62374883916401
"1295",2.62374883916401,2.95246116541819,-2.67100906763234
"1296",0,-2.39045721866879,-2.39045721866879
"1297",0,-2.19856446213224,-2.19856446213224
"1298",-3.54849328173634,2.2820404859343,2.2820404859343
"1299",3.4223279748036,-2.61101699849969,-2.61101699849969
"1300",0,0,0
"1301",5.12077695315623,0,0
"1302",-2.37814981781333,3.26724208774327,3.26724208774327
"1303",4.72141046937513,-2.43825409136302,-2.43825409136302
"1304",2.47728700484881,2.36587185688938,-3.52626643545578
"1305",0,0,0
"1306",2.26000613853934,0,0
"1307",-2.44746787719492,0,0
"1308",0,-3.30090423833185,-3.30090423833185
"1309",3.17920717521954,-3.39267490830831,-3.39267490830831
"1310",0,0,0
"1311",0,0,0
"1312",0,2.92313624008529,-2.24061854851023
"1313",2.32249316630466,0,0
"1314",2.92221249102399,0,0
"1315",-2.61664164276459,2.50153052477735,-2.48376918359666
"1316",0,0,0
"1317",0,-2.22330596879834,-2.22330596879834
"1318",-4.72014082914059,0,0
"1319",2.92313624008529,3.71983371095575,3.71983371095575
"1320",-2.89609864945713,2.78655413649195,-2.89663786982514
"1321",-2.39045721866879,0,0
"1322",-2.6263358283586,0,0
"1323",2.53784908260946,0,0
"1324",2.15307119220985,0,0
"1325",-2.11285007371453,0,0
"1326",-2.92221249102399,2.53784908260946,2.53784908260946
"1327",0,2.19856446213224,-2.87689007466124
"1328",-2.19016989785258,2.26000613853934,-2.44746787719492
"1329",3.44867422950724,0,0
"1330",-3.21052631578947,4.45928309089679,4.45928309089679
"1331",0,-2.55096052050341,-2.55096052050341
"1332",5.58530327025165,0,0
"1333",0,2.21402777230681,-2.67100906763234
"1334",-2.40172387489727,-2.56455124279533,-2.56455124279533
"1335",-3.19855736712181,2.45506897123472,2.45506897123472
"1336",0,-2.21402777230681,-2.21402777230681
"1337",2.34293620952907,2.56455124279533,2.56455124279533
"1338",0,-2.45506897123473,-2.45506897123473
"1339",2.36168937857427,2.34675230410276,-2.62068133510099
"1340",0,2.46867163118984,2.46867163118984
"1341",-2.44172026007226,-2.62068133510099,-2.62068133510099
"1342",-3.07437418830991,0,0
"1343",0,2.36168937857427,2.36168937857427
"1344",-2.37207572226468,2.89289807700341,2.23916443449594
"1345",2.44172026007226,3.20954900558896,3.20954900558896
"1346",0,3.91506463451588,3.91506463451588
"1347",2.4648906473717,0,0
"1348",0,0,0
"1349",2.89609864945713,0,0
"1350",2.10467870398631,2.32249316630466,-2.94629473757339
"1351",2.36587185688938,4.57368197137102,2.48870112455863
"1352",-2.82583705660136,-2.45506897123472,-2.45506897123472
"1353",2.34936050513458,2.49722934457863,-2.2820404859343
"1354",3.23876638156147,2.10476882661054,2.10476882661054
"1355",2.62374883916401,2.26000613853934,2.26000613853934
"1356",0,0,0
"1357",2.90181717205162,3.682947537517,3.682947537517
"1358",0,3.15959662733356,-2.3323624036192
"1359",2.84234346485477,2.49722934457863,-3.76934538106684
"1360",3.37920284718549,2.22725860462418,2.22725860462418
"1361",0,8.33894843087699,8.33894843087699
"1362",2.22458843332556,3.34468472174142,-2.34211752171288
"1363",0,2.21402777230681,-2.26000613853934
"1364",-2.55096052050341,0,0
"1365",-2.26000613853934,3.0523211362696,-2.300831742694
"1366",0,-2.5855200451516,-2.5855200451516
"1367",-2.44172026007226,0,0
"1368",2.32249316630466,0,0
"1369",0,-2.34864408377644,-2.34864408377644
"1370",0,-2.87689007466124,-2.87689007466124
"1371",0,-2.22725860462418,-2.22725860462418
"1372",2.50153052477735,0,0
"1373",2.39045721866879,2.34936050513458,2.12070034636868
"1374",-2.21388208478914,3.60908516811507,-3.07437418830991
"1375",2.25799302362937,-2.48376918359666,-2.61101699849969
"1376",0,3.09228708696833,3.09228708696833
"1377",0,-2.10818510677892,-2.10818510677892
"1378",0,3.00792603759119,-3.34468472174142
"1379",0,0,0
"1380",-4.66019030374763,2.34200522045872,2.34200522045872
"1381",2.22725860462418,0,0
"1382",2.44172026007226,-2.40172387489727,-2.40172387489727
"1383",2.21402777230681,2.10476882661054,-2.87689007466124
"1384",-2.40172387489727,2.72501795067583,-2.10818510677892
"1385",0,2.76217096349785,-2.66618548391556
"1386",-2.71720587189655,0,0
"1387",-2.61664164276459,2.19016989785258,2.19016989785258
"1388",0,3.26724208774327,2.19856446213224
"1389",-2.22725860462418,0,0
"1390",-2.25799302362937,0,0
"1391",2.68152842149629,2.71720587189655,-2.19856446213224
"1392",0,3.07953495329996,-2.34936050513458
"1393",-3.15959662733356,0,0
"1394",3.4204890800986,0,0
"1395",4.65762431426562,-2.48376918359667,-2.48376918359667
"1396",2.10840654316489,-2.25799302362937,-2.25799302362937
"1397",-2.63592133116835,-2.52138231015314,-2.52138231015314
"1398",0,2.89289807700342,-2.78655413649195
"1399",0,2.62068133510099,2.62068133510099
"1400",-2.49722934457863,-2.19856446213224,-2.19856446213224
"1401",2.47679816456288,2.300831742694,2.300831742694
"1402",0,2.15606546468913,2.15606546468913
"1403",2.72501795067583,-3.08512832757664,-3.08512832757664
"1404",2.22330596879834,-2.95561028958624,-2.95561028958624
"1405",-2.22725860462418,0,0
"1406",0,-2.49722934457863,-2.49722934457863
"1407",0,-3.07437418830991,-3.07437418830991
"1408",2.26000613853934,0,0
"1409",2.71227819903726,-2.5855200451516,-2.91416128417596
"1410",2.69016844026656,2.78012085067721,2.78012085067721
"1411",-2.6263358283586,3.07953495329996,3.07953495329996
"1412",0,0,0
"1413",-2.56455124279533,0,0
"1414",0,-2.34211752171288,-2.34211752171288
"1415",0,-3.37920284718549,-3.37920284718549
"1416",0,0,0
"1417",-2.84234346485476,0,0
"1418",2.26000613853934,0,0
"1419",2.36168937857427,2.66618548391556,2.66618548391556
"1420",2.54958582863865,3.86727595255015,3.86727595255015
"1421",4.72448794920281,-3.15636746936407,-3.15636746936407
"1422",0,3.34468472174142,3.34468472174142
"1423",0,-2.34293620952907,-3.17920717521954
"1424",3.44245776501579,2.91416128417596,2.37814981781333
"1425",-4.12517143930054,3.15636746936407,-2.20105009346544
"1426",0,-2.76217096349785,-2.76217096349785
"1427",3.41087349091321,3.21052631578947,-2.47679816456288
"1428",2.90181717205162,0,0
"1429",0,2.76217096349785,2.76217096349785
"1430",-4.58627781189983,2.55096052050341,2.43825409136302
"1431",-2.79660599332023,2.2820404859343,2.2820404859343
"1432",0,0,0
"1433",0,2.13576869920596,-2.66377157660819
"1434",0,0,0
"1435",0,0,0
"1436",-2.76171656489186,-2.89289807700342,-2.89289807700342
"1437",2.66377157660819,0,0
"1438",2.37207572226468,-3.17920717521954,-3.17920717521954
"1439",5.7101896743194,-2.15606546468913,-2.15606546468913
"1440",0,2.34211752171288,2.34211752171288
"1441",-2.24061854851023,-2.25799302362937,-2.25799302362937
"1442",0,3.55412239452714,-2.22458843332556
"1443",0,-2.40172387489727,-2.40172387489727
"1444",0,4.84682144900317,-2.45506897123473
"1445",0,2.21402777230681,2.21402777230681
"1446",3.25409463221557,-2.15606546468913,-2.95246116541819
"1447",-2.23835351154791,3.4223279748036,-2.92313624008529
"1448",0,2.50153052477735,2.50153052477735
"1449",3.23876638156147,0,0
"1450",-2.19856446213224,-2.55096052050341,-2.55096052050341
"1451",2.90181717205162,-2.15606546468913,-2.15606546468913
"1452",-2.13576869920596,5.66953696493025,2.53784908260946
"1453",0,2.13576869920596,2.13576869920596
"1454",0,-2.15606546468913,-2.15606546468913
"1455",2.66377157660819,3.35168402777188,2.19856446213224
"1456",4.77437059069448,2.63592133116835,2.63592133116835
"1457",-2.56660293882961,-2.2820404859343,-2.2820404859343
"1458",0,-2.36587185688938,-2.36587185688938
"1459",-2.19016989785258,2.59239734945615,-5.45148155870237
"1460",-2.65361388801511,0,0
"1461",-2.10840654316489,0,0
"1462",4.22577127364258,-2.10476882661054,-2.10476882661054
"1463",-2.24061854851023,2.48376918359666,2.21402777230681
"1464",0,3.70805312835941,2.23916443449594
"1465",-2.26000613853934,0,0
"1466",0,2.10818510677892,2.10818510677892
"1467",-4.4117980676634,2.19856446213224,2.19856446213224
"1468",3.01491309935755,0,0
"1469",0,2.65361388801511,2.65361388801511
"1470",-2.52441494359652,3.63027233961209,2.95561028958624
"1471",0,0,0
"1472",-5.81186525805423,2.52441494359652,-2.13576869920596
"1473",2.10467870398631,2.34936050513458,2.19016989785258
"1474",2.25819439102596,0,0
"1475",2.40172387489727,2.34675230410276,2.34675230410276
"1476",2.66377157660819,3.41087349091321,-2.2820404859343
"1477",2.12070034636868,0,0
"1478",-2.36168937857427,2.22725860462418,-3.35168402777188
"1479",4.15833493278878,2.22458843332556,2.22458843332556
"1480",-2.21388208478914,2.68152842149629,2.16888494290298
"1481",2.34200522045872,2.26000613853934,2.26000613853934
"1482",-2.89663786982514,0,0
"1483",-2.55096052050341,0,0
"1484",0,3.99453106372045,2.59239734945615
"1485",-6.21523996776798,0,0
"1486",3.08512832757664,0,0
"1487",0,0,0
"1488",-2.99278537414169,-2.51661147842358,-2.51661147842358
"1489",2.10818510677892,0,0
"1490",3.00792603759119,2.71720587189655,2.71720587189655
"1491",0,-2.19016989785258,-2.4648906473717
"1492",2.22725860462418,2.71227819903726,2.71227819903726
"1493",3.07953495329996,-2.15307119220985,-2.15307119220985
"1494",2.19856446213224,0,0
"1495",3.70805312835941,-2.22725860462418,-2.22725860462418
"1496",0,2.21388208478914,-2.96599182814585
"1497",2.61101699849969,-3.15636746936407,-3.15636746936407
"1498",0,-2.22725860462418,-2.71227819903726
"1499",0,-2.49722934457863,-2.50153052477735
"1500",-2.48870112455863,0,0
"1501",0,2.62374883916401,-2.91416128417596
"1502",0,0,0
"1503",-2.39045721866879,3.44444444444444,-2.34675230410276
"1504",-2.95561028958624,0,0
"1505",0,-2.19016989785258,-2.26000613853934
"1506",-2.56455124279533,2.44172026007226,2.44172026007226
"1507",0,0,0
"1508",0,-2.51661147842358,-2.51661147842358
"1509",2.19016989785258,-2.15307119220985,-2.97274440581857
"1510",3.44245776501579,0,0
"1511",0,2.43825409136303,-2.2820404859343
"1512",2.52138231015314,0,0
"1513",0,2.51661147842358,2.51661147842358
"1514",0,0,0
"1515",-2.52138231015314,0,0
"1516",-6.82245526821494,2.25799302362937,-2.92221249102399
"1517",2.26000613853934,0,0
"1518",-2.2820404859343,2.62068133510099,2.62068133510099
"1519",0,0,0
"1520",-3.06312194490894,0,0
"1521",2.2820404859343,0,0
"1522",2.66618548391556,0,0
"1523",0,-2.16888494290298,-2.16888494290298
"1524",-2.6263358283586,4.91545768552803,4.91545768552803
"1525",2.89289807700342,0,0
"1526",2.37802330742771,2.76217096349785,2.76217096349785
"1527",-2.92313624008529,0,0
"1528",2.11285007371453,2.4772870048488,-2.66377157660819
"1529",3.37778467051957,2.72501795067583,-2.24061854851023
"1530",2.82583705660136,2.71720587189655,2.71720587189655
"1531",3.41087349091321,0,0
"1532",0,3.39267490830831,-2.34200522045872
"1533",2.71227819903726,-2.66377157660819,-3.20925625510572
"1534",2.81861677368741,2.36168937857427,-3.20645992979567
"1535",3.55412239452714,-2.87689007466124,-2.87689007466124
"1536",0,2.37207572226468,2.37207572226468
"1537",0,2.38498421129988,-3.72654278228704
"1538",-3.17920717521954,3.74203033166747,-2.91416128417596
"1539",-2.10467870398631,2.55096052050341,-2.36168937857427
"1540",2.36168937857427,2.10467870398631,2.10467870398631
"1541",-2.5855200451516,2.4648906473717,2.4648906473717
"1542",2.10467870398631,0,0
"1543",0,-2.23835351154791,-2.23835351154791
"1544",-2.15307119220985,2.72501795067583,2.72501795067583
"1545",0,-2.54958582863865,-2.54958582863865
"1546",0,3.14153751378685,3.14153751378685
"1547",0,2.78012085067721,-3.03868286007934
"1548",3.07953495329996,2.87642553948435,2.87642553948435
"1549",-2.46867163118984,0,0
"1550",-3.30846579942214,0,0
"1551",-3.76934538106684,0,0
"1552",2.21995239561563,-2.54958582863865,-2.72501795067583
"1553",0,0,0
"1554",-2.2820404859343,-2.34675230410276,-2.34675230410276
"1555",3.01491309935755,2.76171656489186,2.76171656489186
"1556",-2.300831742694,0,0
"1557",-3.09245421522511,-2.40172387489727,-2.40172387489727
"1558",2.34864408377644,-2.55096052050341,-2.55096052050341
"1559",0,2.3323624036192,2.09504391599624
"1560",-2.50153052477735,0,0
"1561",2.09504391599624,-2.68152842149629,-2.68152842149629
"1562",2.34864408377644,0,0
"1563",2.74693548622033,2.22092957934888,2.22092957934888
"1564",0,2.34293620952907,-2.23916443449594
"1565",2.09504391599624,-2.32249316630466,-2.32249316630466
"1566",0,-2.65361388801511,-2.66377157660819
"1567",-4.12517143930054,2.74693548622033,2.34211752171288
"1568",0,2.84234346485477,-3.03868286007933
"1569",-3.17920717521954,-2.10476882661054,-2.10476882661054
"1570",2.84234346485477,-2.56455124279533,-2.56455124279533
"1571",-2.3323624036192,0,0
"1572",-2.21388208478914,0,0
"1573",2.37207572226468,2.87689007466124,-3.25409463221557
"1574",0,2.89289807700342,-2.49722934457863
"1575",2.19856446213224,2.10467870398631,2.10467870398631
"1576",3.97107698862257,2.37802330742771,2.37802330742771
"1577",-2.2820404859343,0,0
"1578",2.37207572226468,2.36587185688938,2.36587185688938
"1579",2.45506897123473,0,0
"1580",2.47728700484881,2.6263358283586,-2.66377157660819
"1581",0,2.72501795067583,2.10467870398631
"1582",0,2.22458843332556,-3.25409463221557
"1583",-2.34675230410276,0,0
"1584",-3.30090423833185,0,0
"1585",0,2.39045721866879,2.22725860462418
"1586",-2.94629473757339,0,0
"1587",-2.37802330742771,2.40172387489727,-2.10476882661054
"1588",-2.22725860462418,2.23835351154791,2.23835351154791
"1589",0,2.82583705660136,-2.25799302362937
"1590",3.81613341636492,-2.300831742694,-2.300831742694
"1591",0,0,0
"1592",0,-2.34293620952907,-2.45506897123472
"1593",-2.78655413649195,0,0
"1594",-2.52138231015314,-2.24061854851023,-2.5855200451516
"1595",2.26000613853934,-2.12070034636868,-2.53784908260946
"1596",0,0,0
"1597",-2.56455124279533,3.06312194490894,-3.2691742076555
"1598",-4.28897538845201,2.6263358283586,-3.70897199874126
"1599",0,-2.20105009346544,-5.53755675438789
"1600",0,-2.40172387489727,-2.40172387489727
"1601",0,2.23835351154791,-4.22577127364258
"1602",0,2.72501795067583,-2.66618548391556
"1603",-2.20105009346544,0,0
"1604",0,0,0
"1605",0,3.08512832757664,3.08512832757664
"1606",-2.61101699849969,-2.37207572226468,-2.82783185437766
"1607",0,-2.16888494290298,-2.16888494290298
"1608",2.37802330742771,-2.61664164276459,-2.61664164276459
"1609",4.23959057386097,0,0
"1610",0,2.25819439102596,-4.58450642000251
"1611",0,0,0
"1612",0,-2.19856446213224,-2.19856446213224
"1613",0,3.60908516811507,3.60908516811507
"1614",-2.95561028958624,2.15307119220985,2.15307119220985
"1615",-2.50153052477735,-2.24061854851023,-3.39267490830831
"1616",-3.60908516811507,3.60908516811507,-2.50153052477735
"1617",0,2.59239734945615,2.59239734945615
"1618",0,2.21402777230681,2.21402777230681
"1619",-2.95561028958624,3.48769568110825,3.48769568110825
"1620",-2.89609864945713,2.37802330742771,2.37802330742771
"1621",0,0,0
"1622",0,-3.10349896840578,-3.10349896840578
"1623",0,-2.26000613853934,-2.26000613853934
"1624",-2.38498421129988,-2.47679816456288,-2.92313624008529
"1625",0,2.22725860462418,2.22725860462418
"1626",3.91506463451588,-3.55902608401044,-3.55902608401044
"1627",-3.3593828748507,0,0
"1628",3.00792603759119,0,0
"1629",2.69016844026656,3.04885562982926,-2.10476882661054
"1630",2.43825409136302,0,0
"1631",2.34211752171288,2.37814981781333,2.37814981781333
"1632",3.09228708696833,0,0
"1633",0,0,0
"1634",0,0,0
"1635",2.52138231015314,2.21995239561563,2.21995239561563
"1636",0,2.67100906763234,-2.13576869920596
"1637",-2.56660293882961,3.2433656395008,-2.37802330742771
"1638",-2.43825409136302,0,0
"1639",0,0,0
"1640",2.19856446213224,-2.11285007371453,-2.11285007371453
"1641",-3.15636746936407,2.82783185437766,-2.86331335445994
"1642",-2.66377157660819,-4.10059788667956,-4.10059788667956
"1643",0,0,0
"1644",3.37740989441873,0,0
"1645",0,0,0
"1646",0,2.38498421129988,2.38498421129988
"1647",3.30157514019816,2.45506897123473,2.45506897123473
"1648",0,2.4648906473717,2.4648906473717
"1649",0,2.75040337640369,2.21995239561563
"1650",2.55096052050341,-2.52441494359652,-2.52441494359652
"1651",0,2.34936050513458,2.34936050513458
"1652",0,-2.34936050513458,-2.34936050513458
"1653",5.3002357984517,3.44245776501579,-2.2820404859343
"1654",0,-2.50153052477735,-2.50153052477735
"1655",-3.09228708696833,3.72654278228704,3.72654278228704
"1656",2.22458843332556,2.38498421129988,2.38498421129988
"1657",2.62068133510099,0,0
"1658",0,3.09245421522511,2.22092957934888
"1659",2.52138231015314,2.19856446213224,2.19856446213224
"1660",2.52138231015314,0,0
"1661",3.30157514019816,2.39045721866879,-2.37802330742771
"1662",3.4204890800986,0,0
"1663",0,3.30090423833185,-2.22725860462418
"1664",-2.22458843332556,-2.34675230410276,-2.34675230410276
"1665",0,0,0
"1666",0,5.1875677940687,5.1875677940687
"1667",2.61617667665206,-2.52138231015314,-2.52138231015314
"1668",-3.30090423833185,2.76217096349785,2.76217096349785
"1669",-2.22092957934888,4.17545888841442,-2.54958582863865
"1670",2.71669235201072,-2.21402777230681,-2.45506897123472
"1671",2.82583705660136,0,0
"1672",0,-2.34675230410276,-2.34675230410276
"1673",2.5855200451516,5.04905475562992,3.63422915493662
"1674",0,0,0
"1675",-2.43825409136302,0,0
"1676",-2.21995239561563,-2.86331335445994,-2.86331335445994
"1677",0,-2.15307119220985,-2.51661147842358
"1678",-2.89289807700342,2.83449686928711,-4.43511167814415
"1679",2.78012085067721,0,0
"1680",2.87642553948435,2.83449686928711,2.83449686928711
"1681",0,-2.82583705660136,-2.82583705660136
"1682",2.67100906763234,2.15606546468913,-2.15307119220985
"1683",-2.71669235201072,-2.23835351154791,-2.23835351154791
"1684",-2.53784908260946,-2.67100906763234,-2.67100906763234
"1685",0,0,0
"1686",0,0,0
"1687",-2.71227819903726,-2.12070034636868,-2.12070034636868
"1688",2.71720587189655,0,0
"1689",0,2.50153052477735,2.50153052477735
"1690",-2.76995313720608,0,0
"1691",-2.66377157660819,0,0
"1692",2.36168937857427,2.36587185688938,-2.10467870398631
"1693",-2.96599182814585,0,0
"1694",0,2.45506897123472,-2.51661147842358
"1695",0,2.89289807700342,2.89289807700342
"1696",2.15606546468913,0,0
"1697",0,0,0
"1698",0,2.15307119220985,2.15307119220985
"1699",0,0,0
"1700",2.34936050513458,2.34293620952907,-3.08417457717258
"1701",0,2.25819439102596,-3.35168402777188
"1702",0,3.48769568110825,-2.62374883916401
"1703",0,-2.21402777230681,-2.21402777230681
"1704",2.82783185437766,0,0
"1705",0,0,0
"1706",-2.66618548391556,2.19016989785258,-2.22725860462418
"1707",0,0,0
"1708",0,-2.23835351154791,-2.23835351154791
"1709",0,-2.44172026007226,-2.44172026007226
"1710",2.19016989785258,0,0
"1711",2.45506897123472,-2.15606546468913,-2.21402777230681
"1712",0,0,0
"1713",2.55096052050341,0,0
"1714",-4.75187685491627,-2.23916443449594,-2.23916443449594
"1715",-2.45506897123472,2.66377157660819,-2.36587185688938
"1716",0,2.50153052477735,2.50153052477735
"1717",0,2.75817778114508,2.75817778114508
"1718",0,0,0
"1719",2.25819439102596,4.40815360233944,2.24061854851023
"1720",2.48870112455863,0,0
"1721",2.26000613853934,0,0
"1722",3.75928602329733,2.37802330742771,-2.45506897123473
"1723",0,2.71720587189655,2.71720587189655
"1724",0,0,0
"1725",2.6263358283586,-2.09504391599624,-3.01491309935755
"1726",-2.62374883916401,3.52626643545578,3.52626643545578
"1727",-2.68152842149629,0,0
"1728",2.59239734945615,-2.10476882661054,-2.10476882661054
"1729",0,0,0
"1730",2.15606546468913,0,0
"1731",0,2.44172026007226,2.44172026007226
"1732",-2.32249316630466,2.6263358283586,-2.78012085067721
"1733",-2.71669235201072,0,0
"1734",0,0,0
"1735",-2.21402777230681,0,0
"1736",0,-2.89663786982514,-2.89663786982514
"1737",0,0,0
"1738",-3.41087349091321,4.17545888841442,4.17545888841442
"1739",-2.24061854851023,0,0
"1740",0,0,0
"1741",0,2.300831742694,-2.37802330742771
"1742",-2.61664164276459,-2.15307119220985,-2.15307119220985
"1743",0,0,0
"1744",-2.37207572226468,3.08512832757664,-3.04885562982926
"1745",2.10840654316489,0,0
"1746",-2.97274440581857,0,0
"1747",0,2.56455124279533,2.56455124279533
"1748",2.61617667665206,3.90880679368949,-2.5855200451516
"1749",0,2.2820404859343,-2.25799302362937
"1750",2.63592133116836,0,0
"1751",0,2.79660599332023,2.47728700484881
"1752",-2.55096052050341,0,0
"1753",2.24061854851023,-3.09228708696833,-3.09228708696833
"1754",2.26000613853934,0,0
"1755",0,3.27820169221505,2.72501795067583
"1756",2.52441494359652,2.22458843332556,2.22458843332556
"1757",0,0,0
"1758",4.39022559271322,2.98730666615107,-2.91416128417596
"1759",-2.53784908260946,-2.44172026007226,-2.44172026007226
"1760",2.3323624036192,2.15606546468913,2.15606546468913
"1761",0,0,0
"1762",0,-4.22186028126556,-4.22186028126556
"1763",2.34211752171288,-4.56347551439961,-4.56347551439961
"1764",0,2.39045721866879,2.39045721866879
"1765",-2.8344968692871,3.19855736712181,3.19855736712181
"1766",-2.74693548622033,4.55012680323714,-2.37207572226468
"1767",0,0,0
"1768",0,0,0
"1769",3.3593828748507,0,0
"1770",-4.91577033402879,2.56455124279533,2.56455124279533
"1771",2.37207572226468,-2.10818510677892,-2.10818510677892
"1772",2.48870112455863,2.23835351154791,2.10840654316489
"1773",0,-2.34675230410276,-2.34675230410276
"1774",0,2.52441494359652,2.52441494359652
"1775",-2.10818510677892,-2.5855200451516,-2.5855200451516
"1776",0,2.74693548622033,2.74693548622033
"1777",2.76995313720608,2.65361388801511,2.36587185688938
"1778",2.66618548391556,0,0
"1779",7.46036563579109,2.40172387489727,-3.07437418830991
"1780",-2.34293620952907,2.23916443449594,-3.37778467051957
"1781",0,-3.41087349091321,-3.41087349091321
"1782",-2.53784908260946,0,0
"1783",6.93256854593596,2.37814981781333,-2.21402777230681
"1784",0,2.40172387489727,-2.37814981781333
"1785",0,2.66377157660819,2.66377157660819
"1786",0,2.55096052050341,2.55096052050341
"1787",-2.37207572226468,-3.07953495329996,-3.07953495329996
"1788",2.81861677368741,0,0
"1789",0,0,0
"1790",-2.53784908260946,3.4223279748036,-2.15307119220985
"1791",0,2.39045721866879,2.39045721866879
"1792",-2.22725860462418,0,0
"1793",0,-3.01491309935755,-3.01491309935755
"1794",0,-2.15307119220985,-2.15307119220985
"1795",-2.97274440581857,3.4204890800986,3.4204890800986
"1796",0,2.25819439102596,2.25819439102596
"1797",-2.22725860462418,0,0
"1798",-2.52441494359652,2.11285007371453,-2.13576869920596
"1799",0,3.30157514019816,-2.63592133116835
"1800",-4.22577127364258,2.26000613853934,2.26000613853934
"1801",2.37802330742771,2.75817778114508,-3.08417457717258
"1802",2.95561028958624,0,0
"1803",2.10476882661054,2.79660599332023,-2.87689007466124
"1804",-2.63592133116836,0,0
"1805",3.3593828748507,0,0
"1806",2.96599182814585,3.63422915493662,2.3323624036192
"1807",2.66377157660819,0,0
"1808",-3.07437418830991,0,0
"1809",2.6263358283586,0,0
"1810",0,4.36744940503522,4.36744940503522
"1811",0,2.25819439102596,2.25819439102596
"1812",0,2.53784908260946,2.53784908260946
"1813",0,2.89289807700342,-2.76217096349785
"1814",-2.4648906473717,0,0
"1815",0,2.97274440581857,2.97274440581857
"1816",0,2.23835351154791,2.23835351154791
"1817",2.22458843332556,4.83265651951117,2.12070034636868
"1818",-3.1669683660287,3.10349896840578,-2.95561028958624
"1819",0,3.17920717521954,3.17920717521954
"1820",-2.11285007371453,2.34675230410276,2.10818510677892
"1821",-3.10349896840578,-3.27820169221505,-3.27820169221505
"1822",0,0,0
"1823",0,4.72546503706196,3.90880679368949
"1824",-2.12070034636868,2.19856446213224,-2.36587185688938
"1825",2.95561028958624,0,0
"1826",0,0,0
"1827",-2.36587185688938,2.21995239561563,2.21995239561563
"1828",-4.72448794920281,0,0
"1829",2.48870112455863,-2.20105009346544,-2.75040337640369
"1830",4.10319361933436,-2.39045721866879,-2.39045721866879
"1831",-2.34864408377644,-2.19856446213224,-2.19856446213224
"1832",0,-2.16888494290298,-2.16888494290298
"1833",-2.24061854851023,0,0
"1834",2.23916443449594,0,0
"1835",0,-2.55096052050341,-2.55096052050341
"1836",2.21402777230681,2.83449686928711,-2.82783185437766
"1837",2.82583705660136,2.43825409136302,2.43825409136302
"1838",-2.49722934457863,0,0
"1839",0,0,0
"1840",2.56455124279533,0,0
"1841",0,4.12517143930054,-2.21388208478914
"1842",0,4.42790985709595,2.25799302362937
"1843",0,-2.78012085067721,-2.78012085067721
"1844",2.89289807700342,0,0
"1845",0,-2.46867163118984,-2.46867163118984
"1846",-2.45506897123472,3.66631428891691,2.23916443449594
"1847",0,2.89663786982514,-2.47679816456288
"1848",2.47728700484881,-2.25819439102596,-2.25819439102596
"1849",0,2.32249316630466,2.32249316630466
"1850",2.36168937857427,-2.52138231015314,-2.52138231015314
"1851",0,2.22458843332556,2.22458843332556
"1852",2.63592133116836,-2.25799302362937,-2.25799302362937
"1853",-2.99278537414169,0,0
"1854",0,2.24061854851023,2.24061854851023
"1855",-2.83449686928711,0,0
"1856",2.54958582863865,2.37802330742771,2.37802330742771
"1857",0,-2.34675230410276,-2.34675230410276
"1858",0,2.21402777230681,2.21402777230681
"1859",-2.22458843332556,0,0
"1860",2.6263358283586,0,0
"1861",3.81221356749159,0,0
"1862",-3.30090423833185,3.0523211362696,2.56660293882961
"1863",6.04132650923163,2.65361388801511,2.65361388801511
"1864",2.20105009346544,-3.10349896840578,-3.10349896840578
"1865",-2.61101699849969,2.22458843332556,-3.71983371095575
"1866",0,0,0
"1867",-2.10818510677892,0,0
"1868",0,0,0
"1869",-2.92221249102399,3.07437418830991,-3.20645992979567
"1870",0,2.10818510677892,-3.26724208774327
"1871",-3.08512832757664,2.24061854851023,2.24061854851023
"1872",-2.71669235201072,2.71669235201072,2.10840654316489
"1873",-2.89609864945713,2.22330596879834,2.22330596879834
"1874",-3.03868286007933,-2.98730666615107,-2.98730666615107
"1875",3.81221356749159,3.00792603759119,2.22725860462418
"1876",-3.00792603759119,-2.34293620952907,-2.34293620952907
"1877",-2.24061854851023,0,0
"1878",0,-2.34211752171288,-2.34211752171288
"1879",2.78655413649195,-2.15606546468913,-2.15606546468913
"1880",0,0,0
"1881",-4.06760742692513,2.23916443449594,2.23916443449594
"1882",2.34675230410276,-2.84234346485476,-2.84234346485476
"1883",2.300831742694,0,0
"1884",-2.92221249102399,0,0
"1885",-2.50153052477735,2.23916443449594,2.23916443449594
"1886",0,2.50153052477735,2.50153052477735
"1887",0,2.13576869920596,2.13576869920596
"1888",0,2.89663786982514,2.34200522045872
"1889",0,4.36639956679426,4.36639956679426
"1890",-2.91416128417596,2.2820404859343,2.2820404859343
"1891",-2.34211752171288,3.51447362767382,3.51447362767382
"1892",-3.37740989441873,2.10467870398631,2.10467870398631
"1893",-2.76995313720608,2.61617667665206,2.56660293882961
"1894",0,0,0
"1895",-2.76217096349785,2.74693548622033,2.74693548622033
"1896",0,2.300831742694,2.300831742694
"1897",0,2.12070034636868,2.12070034636868
"1898",4.3244407039032,0,0
"1899",-2.37814981781333,0,0
"1900",2.46867163118984,-2.51661147842358,-2.51661147842358
"1901",0,-2.4648906473717,-2.4648906473717
"1902",2.40172387489727,2.65361388801511,-3.03868286007933
"1903",0,2.71669235201072,2.71669235201072
"1904",-2.34864408377644,0,0
"1905",0,2.56660293882961,2.12070034636868
"1906",-2.44172026007226,2.2820404859343,2.10840654316489
"1907",0,0,0
"1908",0,5.43586137202498,2.50153052477735
"1909",-4.17545888841442,-2.10467870398631,-2.44172026007226
"1910",2.4648906473717,-2.34200522045872,-2.34200522045872
"1911",0,-2.37814981781333,-2.37814981781333
"1912",-2.54958582863865,0,0
"1913",-2.10818510677892,2.23835351154791,2.23835351154791
"1914",-2.86331335445994,2.15307119220985,-2.16888494290298
"1915",-2.78012085067721,2.4648906473717,2.4648906473717
"1916",2.95561028958624,-2.2820404859343,-2.2820404859343
"1917",2.44172026007226,3.41087349091321,3.41087349091321
"1918",0,0,0
"1919",2.51661147842358,2.67100906763234,-2.87642553948435
"1920",4.35120358526244,0,0
"1921",0,0,0
"1922",-2.71720587189655,-2.22458843332556,-2.22458843332556
"1923",3.07953495329996,2.10818510677892,2.10818510677892
"1924",0,0,0
"1925",0,0,0
"1926",2.97274440581857,2.65361388801511,2.65361388801511
"1927",2.21995239561563,2.62068133510099,-2.46867163118984
"1928",0,-2.15307119220985,-2.15307119220985
"1929",0,-2.48376918359667,-2.48376918359667
"1930",-2.6263358283586,-3.27820169221505,-3.27820169221505
"1931",0,2.09504391599624,-2.81861677368741
"1932",2.32249316630467,-2.44172026007226,-3.15636746936407
"1933",-2.10840654316489,2.75040337640369,-3.17920717521954
"1934",-2.19016989785258,3.99453106372045,3.99453106372045
"1935",0,2.21402777230681,2.21402777230681
"1936",-2.3323624036192,0,0
"1937",2.76217096349785,-2.87642553948435,-2.87642553948435
"1938",0,0,0
"1939",3.1669683660287,2.34293620952907,-2.34936050513458
"1940",2.34211752171288,-2.69016844026656,-2.69016844026656
"1941",-2.55096052050341,2.76995313720608,-3.76934538106684
"1942",3.54966478474501,2.43825409136302,2.43825409136302
"1943",0,0,0
"1944",0,2.23916443449594,2.23916443449594
"1945",0,2.89663786982514,-2.47728700484881
"1946",-2.55096052050341,-3.07437418830991,-3.07437418830991
"1947",-2.24061854851023,2.10467870398631,-3.07953495329996
"1948",-2.43825409136302,0,0
"1949",0,0,0
"1950",3.63064344376009,-2.56455124279533,-2.56455124279533
"1951",-2.24061854851023,2.15606546468913,2.15606546468913
"1952",2.19016989785258,2.25819439102596,2.25819439102596
"1953",0,2.47728700484881,-3.78413611197513
"1954",-2.300831742694,0,0
"1955",-2.36168937857427,0,0
"1956",-2.32249316630466,-2.25819439102596,-2.87642553948435
"1957",2.95246116541818,2.19016989785258,-2.34211752171288
"1958",2.78012085067721,2.19856446213224,2.19856446213224
"1959",-2.24061854851023,0,0
"1960",0,-2.37802330742771,-2.37802330742771
"1961",2.10476882661054,2.56660293882961,2.56660293882961
"1962",-2.21402777230681,-2.26000613853934,-2.26000613853934
"1963",2.45506897123472,0,0
"1964",-2.92313624008529,0,0
"1965",-3.17920717521954,3.27820169221505,2.37802330742771
"1966",0,2.56660293882961,-2.10476882661054
"1967",3.70897199874126,2.34864408377644,-3.10165329535023
"1968",-2.48870112455863,0,0
"1969",4.10319361933436,-2.24061854851023,-2.24061854851023
"1970",0,0,0
"1971",3.03868286007933,-3.15636746936407,-3.15636746936407
"1972",0,-2.37802330742771,-2.37802330742771
"1973",-2.19856446213224,5.10054634914206,5.10054634914206
"1974",0,2.92221249102399,2.92221249102399
"1975",2.36587185688938,2.87689007466124,-2.34200522045872
"1976",2.47728700484881,2.56660293882961,2.56660293882961
"1977",0,3.17920717521954,2.10840654316489
"1978",-2.3323624036192,3.07953495329996,-3.55412239452714
"1979",0,-2.37207572226468,-2.37207572226468
"1980",-2.10840654316489,2.20105009346544,-2.34211752171288
"1981",0,-2.23835351154791,-2.59239734945615
"1982",-2.49722934457863,-4.55681829431821,-4.55681829431821
"1983",2.10840654316489,-2.67100906763234,-2.67100906763234
"1984",-2.89289807700342,0,0
"1985",0,-2.86331335445994,-2.86331335445994
"1986",-3.09228708696833,0,0
"1987",0,2.66618548391556,2.66618548391556
"1988",0,0,0
"1989",2.22458843332556,0,0
"1990",-2.52441494359652,0,0
"1991",2.76217096349785,2.44172026007226,2.15307119220985
"1992",-2.11285007371453,2.51661147842358,-2.47728700484881
"1993",2.69016844026656,0,0
"1994",-2.81861677368741,0,0
"1995",0,0,0
"1996",0,0,0
"1997",2.37207572226468,2.87689007466124,-3.91506463451588
"1998",0,2.21995239561563,2.21995239561563
"1999",-3.37778467051957,0,0
"2000",0,-2.90181717205162,-2.90181717205162
